date,gl_id,gl_account,value_type_id,type,amount
2025-01-01,2001,cogs_pct,1,actuals,0.04254189902398754
2025-01-01,3000,gross_margin,1,actuals,13159473.9368978
2025-01-01,3001,gross_margin_pct,1,actuals,0.9574581009760124
2025-01-01,4001,commercial_costs_pct,1,actuals,0.01615296769244857
2025-01-01,5000,contribution_margin,1,actuals,13159473.9368978
2025-01-01,5001,contribution_margin_pct,1,actuals,0.9574581009760124
2025-01-01,6001,fixed_costs_pct,1,actuals,0.022506024227317668
2025-01-01,7000,total_cost,1,actuals,1116039.4454211001
2025-01-01,7001,total_cost_pct,1,actuals,0.0812008909437538
2025-01-01,8000,ebitda,1,actuals,13159473.9368978
2025-01-01,8001,ebitda_pct,1,actuals,0.9574581009760124
2025-02-01,2001,cogs_pct,1,actuals,0.04221968104179102
2025-02-01,3000,gross_margin,1,actuals,13669866.7586018
2025-02-01,3001,gross_margin_pct,1,actuals,0.957780318958209
2025-02-01,4001,commercial_costs_pct,1,actuals,0.015451658719511865
2025-02-01,5000,contribution_margin,1,actuals,13669866.7586018
2025-02-01,5001,contribution_margin_pct,1,actuals,0.957780318958209
2025-02-01,6001,fixed_costs_pct,1,actuals,0.021376198332918053
2025-02-01,7000,total_cost,1,actuals,1128201.6261504001
2025-02-01,7001,total_cost_pct,1,actuals,0.07904753809422094
2025-02-01,8000,ebitda,1,actuals,13669866.7586018
2025-02-01,8001,ebitda_pct,1,actuals,0.957780318958209
2025-03-01,2001,cogs_pct,1,actuals,0.042625983606475674
2025-03-01,3000,gross_margin,1,actuals,14117061.0996524
2025-03-01,3001,gross_margin_pct,1,actuals,0.9573740163935244
2025-03-01,4001,commercial_costs_pct,1,actuals,0.014821967995238482
2025-03-01,5000,contribution_margin,1,actuals,14117061.0996524
2025-03-01,5001,contribution_margin_pct,1,actuals,0.9573740163935244
2025-03-01,6001,fixed_costs_pct,1,actuals,0.021293817423827136
2025-03-01,7000,total_cost,1,actuals,1161095.1889166
2025-03-01,7001,total_cost_pct,1,actuals,0.0787417690255413
2025-03-01,8000,ebitda,1,actuals,14117061.0996524
2025-03-01,8001,ebitda_pct,1,actuals,0.9573740163935244
2025-04-01,2001,cogs_pct,1,actuals,0.045015405758744985
2025-04-01,3000,gross_margin,1,actuals,13553455.7882327
2025-04-01,3001,gross_margin_pct,1,actuals,0.954984594241255
2025-04-01,4001,commercial_costs_pct,1,actuals,0.016100846086227714
2025-04-01,5000,contribution_margin,1,actuals,13553455.7882327
2025-04-01,5001,contribution_margin_pct,1,actuals,0.954984594241255
2025-04-01,6001,fixed_costs_pct,1,actuals,0.02073829138952832
2025-04-01,7000,total_cost,1,actuals,1161706.6280281001
2025-04-01,7001,total_cost_pct,1,actuals,0.08185454323450103
2025-04-01,8000,ebitda,1,actuals,13553455.7882327
2025-04-01,8001,ebitda_pct,1,actuals,0.954984594241255
2025-05-01,2001,cogs_pct,1,actuals,0.037968356963141436
2025-05-01,3000,gross_margin,1,actuals,14963384.864054099
2025-05-01,3001,gross_margin_pct,1,actuals,0.9620316430368585
2025-05-01,4001,commercial_costs_pct,1,actuals,0.014756589485791425
2025-05-01,5000,contribution_margin,1,actuals,14963384.864054099
2025-05-01,5001,contribution_margin_pct,1,actuals,0.9620316430368585
2025-05-01,6001,fixed_costs_pct,1,actuals,0.018746945426797133
2025-05-01,7000,total_cost,1,actuals,1111669.6969786002
2025-05-01,7001,total_cost_pct,1,actuals,0.07147189187573
2025-05-01,8000,ebitda,1,actuals,14963384.864054099
2025-05-01,8001,ebitda_pct,1,actuals,0.9620316430368585
2025-06-01,2001,cogs_pct,1,actuals,0.03631290232710876
2025-06-01,3000,gross_margin,1,actuals,16893024.146965303
2025-06-01,3001,gross_margin_pct,1,actuals,0.9636870976728913
2025-06-01,4001,commercial_costs_pct,1,actuals,0.013307921543042896
2025-06-01,5000,contribution_margin,1,actuals,16893024.146965303
2025-06-01,5001,contribution_margin_pct,1,actuals,0.9636870976728913
2025-06-01,6001,fixed_costs_pct,1,actuals,0.01746322437540069
2025-06-01,7000,total_cost,1,actuals,1175954.7778785
2025-06-01,7001,total_cost_pct,1,actuals,0.06708404824555235
2025-06-01,8000,ebitda,1,actuals,16893024.146965303
2025-06-01,8001,ebitda_pct,1,actuals,0.9636870976728913
2025-07-01,2001,cogs_pct,1,actuals,0.040321591106222236
2025-07-01,3000,gross_margin,1,actuals,14798614.627300803
2025-07-01,3001,gross_margin_pct,1,actuals,0.9596784088937778
2025-07-01,4001,commercial_costs_pct,1,actuals,0.013921610299140132
2025-07-01,5000,contribution_margin,1,actuals,14798614.627300803
2025-07-01,5001,contribution_margin_pct,1,actuals,0.9596784088937778
2025-07-01,6001,fixed_costs_pct,1,actuals,0.019125041082394354
2025-07-01,7000,total_cost,1,actuals,1131366.8583106
2025-07-01,7001,total_cost_pct,1,actuals,0.07336824248775672
2025-07-01,8000,ebitda,1,actuals,14798614.627300803
2025-07-01,8001,ebitda_pct,1,actuals,0.9596784088937778
2025-08-01,2001,cogs_pct,1,actuals,0.03965977930080613
2025-08-01,3000,gross_margin,1,actuals,14588874.315891301
2025-08-01,3001,gross_margin_pct,1,actuals,0.9603402206991939
2025-08-01,4001,commercial_costs_pct,1,actuals,0.014405104060297685
2025-08-01,5000,contribution_margin,1,actuals,14588874.315891301
2025-08-01,5001,contribution_margin_pct,1,actuals,0.9603402206991939
2025-08-01,6001,fixed_costs_pct,1,actuals,0.019286075476373746
2025-08-01,7000,total_cost,1,actuals,1114300.8450182
2025-08-01,7001,total_cost_pct,1,actuals,0.07335095883747757
2025-08-01,8000,ebitda,1,actuals,14588874.315891301
2025-08-01,8001,ebitda_pct,1,actuals,0.9603402206991939
2025-09-01,2001,cogs_pct,1,actuals,0.03949496393804421
2025-09-01,3000,gross_margin,1,actuals,15408614.5026344
2025-09-01,3001,gross_margin_pct,1,actuals,0.9605050360619558
2025-09-01,4001,commercial_costs_pct,1,actuals,0.014846039102946925
2025-09-01,5000,contribution_margin,1,actuals,15408614.5026344
2025-09-01,5001,contribution_margin_pct,1,actuals,0.9605050360619558
2025-09-01,6001,fixed_costs_pct,1,actuals,0.018383485286009988
2025-09-01,7000,total_cost,1,actuals,1166660.8330618
2025-09-01,7001,total_cost_pct,1,actuals,0.07272448832700112
2025-09-01,8000,ebitda,1,actuals,15408614.5026344
2025-09-01,8001,ebitda_pct,1,actuals,0.9605050360619558
2025-10-01,2001,cogs_pct,1,actuals,0.03595720241617259
2025-10-01,3000,gross_margin,1,actuals,17402616.5217471
2025-10-01,3001,gross_margin_pct,1,actuals,0.9640427975838275
2025-10-01,4001,commercial_costs_pct,1,actuals,0.012124725661845009
2025-10-01,5000,contribution_margin,1,actuals,17402616.5217471
2025-10-01,5001,contribution_margin_pct,1,actuals,0.9640427975838275
2025-10-01,6001,fixed_costs_pct,1,actuals,0.016654682742416126
2025-10-01,7000,total_cost,1,actuals,1168606.2235506
2025-10-01,7001,total_cost_pct,1,actuals,0.06473661082043372
2025-10-01,8000,ebitda,1,actuals,17402616.5217471
2025-10-01,8001,ebitda_pct,1,actuals,0.9640427975838275
2025-11-01,2001,cogs_pct,1,actuals,0.03791045886011395
2025-11-01,3000,gross_margin,1,actuals,17541526.571902905
2025-11-01,3001,gross_margin_pct,1,actuals,0.9620895411398861
2025-11-01,4001,commercial_costs_pct,1,actuals,0.011866208536970933
2025-11-01,5000,contribution_margin,1,actuals,17541526.571902905
2025-11-01,5001,contribution_margin_pct,1,actuals,0.9620895411398861
2025-11-01,6001,fixed_costs_pct,1,actuals,0.016249428274186684
2025-11-01,7000,total_cost,1,actuals,1203836.5059913
2025-11-01,7001,total_cost_pct,1,actuals,0.06602609567127157
2025-11-01,8000,ebitda,1,actuals,17541526.571902905
2025-11-01,8001,ebitda_pct,1,actuals,0.9620895411398861
2025-12-01,2001,cogs_pct,1,actuals,0.04131320106930666
2025-12-01,3000,gross_margin,1,actuals,17725344.466278803
2025-12-01,3001,gross_margin_pct,1,actuals,0.9586867989306933
2025-12-01,4001,commercial_costs_pct,1,actuals,0.01158015774888897
2025-12-01,5000,contribution_margin,1,actuals,17725344.466278803
2025-12-01,5001,contribution_margin_pct,1,actuals,0.9586867989306933
2025-12-01,6001,fixed_costs_pct,1,actuals,0.016655429912444116
2025-12-01,7000,total_cost,1,actuals,1285900.9207575
2025-12-01,7001,total_cost_pct,1,actuals,0.06954878873063974
2025-12-01,8000,ebitda,1,actuals,17725344.466278803
2025-12-01,8001,ebitda_pct,1,actuals,0.9586867989306933
2026-01-01,2001,cogs_pct,1,actuals,0.04371827468027312
2026-01-01,3000,gross_margin,1,actuals,16431531.6448067
2026-01-01,3001,gross_margin_pct,1,actuals,0.9562817253197269
2026-01-01,4001,commercial_costs_pct,1,actuals,0.013726551963983579
2026-01-01,5000,contribution_margin,1,actuals,16431531.6448067
2026-01-01,5001,contribution_margin_pct,1,actuals,0.9562817253197269
2026-01-01,6001,fixed_costs_pct,1,actuals,0.01843215265276613
2026-01-01,7000,total_cost,1,actuals,1303773.7242281002
2026-01-01,7001,total_cost_pct,1,actuals,0.07587697929702282
2026-01-01,8000,ebitda,1,actuals,16431531.6448067
2026-01-01,8001,ebitda_pct,1,actuals,0.9562817253197269
2026-02-01,2001,cogs_pct,1,actuals,0.04752036975589405
2026-02-01,3000,gross_margin,1,actuals,16074487.234050296
2026-02-01,3001,gross_margin_pct,1,actuals,0.952479630244106
2026-02-01,4001,commercial_costs_pct,1,actuals,0.014384544113638103
2026-02-01,5000,contribution_margin,1,actuals,16074487.234050296
2026-02-01,5001,contribution_margin_pct,1,actuals,0.952479630244106
2026-02-01,6001,fixed_costs_pct,1,actuals,0.017818412374925187
2026-02-01,7000,total_cost,1,actuals,1345447.7652652
2026-02-01,7001,total_cost_pct,1,actuals,0.07972332624445734
2026-02-01,8000,ebitda,1,actuals,16074487.234050296
2026-02-01,8001,ebitda_pct,1,actuals,0.952479630244106
2026-03-01,2001,cogs_pct,1,actuals,0.04781556191741597
2026-03-01,3000,gross_margin,1,actuals,16125940.460447099
2026-03-01,3001,gross_margin_pct,1,actuals,0.952184438082584
2026-03-01,4001,commercial_costs_pct,1,actuals,0.014621141635003441
2026-03-01,5000,contribution_margin,1,actuals,16125940.460447099
2026-03-01,5001,contribution_margin_pct,1,actuals,0.952184438082584
2026-03-01,6001,fixed_costs_pct,1,actuals,0.01844427945437391
2026-03-01,7000,total_cost,1,actuals,1369778.6523128
2026-03-01,7001,total_cost_pct,1,actuals,0.08088098300679332
2026-03-01,8000,ebitda,1,actuals,16125940.460447099
2026-03-01,8001,ebitda_pct,1,actuals,0.952184438082584
2026-04-01,2001,cogs_pct,1,actuals,0.03648827086577764
2026-04-01,3000,gross_margin,1,actuals,19658491.926577304
2026-04-01,3001,gross_margin_pct,1,actuals,0.9635117291342223
2026-04-01,4001,commercial_costs_pct,1,actuals,0.011400858622710196
2026-04-01,5000,contribution_margin,1,actuals,19658491.926577304
2026-04-01,5001,contribution_margin_pct,1,actuals,0.9635117291342223
2026-04-01,6001,fixed_costs_pct,1,actuals,0.015735496093986473
2026-04-01,7000,total_cost,1,actuals,1298130.734193
2026-04-01,7001,total_cost_pct,1,actuals,0.06362462558247431
2026-04-01,8000,ebitda,1,actuals,19658491.926577304
2026-04-01,8001,ebitda_pct,1,actuals,0.9635117291342223
2026-05-01,2001,cogs_pct,1,actuals,0.03609463761642161
2026-05-01,3000,gross_margin,1,actuals,19899156.709757198
2026-05-01,3001,gross_margin_pct,1,actuals,0.9639053623835783
2026-05-01,4001,commercial_costs_pct,1,actuals,0.011719621770407031
2026-05-01,5000,contribution_margin,1,actuals,19899156.709757198
2026-05-01,5001,contribution_margin_pct,1,actuals,0.9639053623835783
2026-05-01,6001,fixed_costs_pct,1,actuals,0.014993613763194791
2026-05-01,7000,total_cost,1,actuals,1296624.9169194999
2026-05-01,7001,total_cost_pct,1,actuals,0.06280787315002342
2026-05-01,8000,ebitda,1,actuals,19899156.709757198
2026-05-01,8001,ebitda_pct,1,actuals,0.9639053623835783
2026-06-01,2001,cogs_pct,1,actuals,0.03666258319181645
2026-06-01,3000,gross_margin,1,actuals,19766008.330211602
2026-06-01,3001,gross_margin_pct,1,actuals,0.9633374168081835
2026-06-01,4001,commercial_costs_pct,1,actuals,0.012174296300777416
2026-06-01,5000,contribution_margin,1,actuals,19766008.330211602
2026-06-01,5001,contribution_margin_pct,1,actuals,0.9633374168081835
2026-06-01,6001,fixed_costs_pct,1,actuals,0.014887015286440111
2026-06-01,7000,total_cost,1,actuals,1307503.4905311
2026-06-01,7001,total_cost_pct,1,actuals,0.06372389477903398
2026-06-01,8000,ebitda,1,actuals,19766008.330211602
2026-06-01,8001,ebitda_pct,1,actuals,0.9633374168081835
2026-07-01,2001,cogs_pct,1,actuals,0.040921226500759744
2026-07-01,3000,gross_margin,1,actuals,17296146.2430692
2026-07-01,3001,gross_margin_pct,1,actuals,0.9590787734992403
2026-07-01,4001,commercial_costs_pct,1,actuals,0.01413645869503808
2026-07-01,5000,contribution_margin,1,actuals,17296146.2430692
2026-07-01,5001,contribution_margin_pct,1,actuals,0.9590787734992403
2026-07-01,6001,fixed_costs_pct,1,actuals,0.016953626172582177
2026-07-01,7000,total_cost,1,actuals,1298660.9723812002
2026-07-01,7001,total_cost_pct,1,actuals,0.07201131136838
2026-07-01,8000,ebitda,1,actuals,17296146.2430692
2026-07-01,8001,ebitda_pct,1,actuals,0.9590787734992403
2026-08-01,2001,cogs_pct,1,actuals,0.0422209362475013
2026-08-01,3000,gross_margin,1,actuals,17332730.6525093
2026-08-01,3001,gross_margin_pct,1,actuals,0.9577790637524987
2026-08-01,4001,commercial_costs_pct,1,actuals,0.012300285095528425
2026-08-01,5000,contribution_margin,1,actuals,17332730.6525093
2026-08-01,5001,contribution_margin_pct,1,actuals,0.9577790637524987
2026-08-01,6001,fixed_costs_pct,1,actuals,0.01728285049542651
2026-08-01,7000,total_cost,1,actuals,1299423.5142845
2026-08-01,7001,total_cost_pct,1,actuals,0.07180407183845622
2026-08-01,8000,ebitda,1,actuals,17332730.6525093
2026-08-01,8001,ebitda_pct,1,actuals,0.9577790637524987
2026-09-01,2001,cogs_pct,1,actuals,0.04016963262213357
2026-09-01,3000,gross_margin,1,actuals,20494202.7878817
2026-09-01,3001,gross_margin_pct,1,actuals,0.9598303673778664
2026-09-01,4001,commercial_costs_pct,1,actuals,0.011290584040981164
2026-09-01,5000,contribution_margin,1,actuals,20494202.7878817
2026-09-01,5001,contribution_margin_pct,1,actuals,0.9598303673778664
2026-09-01,6001,fixed_costs_pct,1,actuals,0.015855520536831594
2026-09-01,7000,total_cost,1,actuals,1437318.9428881
2026-09-01,7001,total_cost_pct,1,actuals,0.06731573719994632
2026-09-01,8000,ebitda,1,actuals,20494202.7878817
2026-09-01,8001,ebitda_pct,1,actuals,0.9598303673778664
2026-10-01,2001,cogs_pct,1,actuals,0.04078786528936898
2026-10-01,3000,gross_margin,1,actuals,19046702.9917872
2026-10-01,3001,gross_margin_pct,1,actuals,0.9592121347106309
2026-10-01,4001,commercial_costs_pct,1,actuals,0.011200689860331894
2026-10-01,5000,contribution_margin,1,actuals,19046702.9917872
2026-10-01,5001,contribution_margin_pct,1,actuals,0.9592121347106309
2026-10-01,6001,fixed_costs_pct,1,actuals,0.01695670597689149
2026-10-01,7000,total_cost,1,actuals,1369019.2855677
2026-10-01,7001,total_cost_pct,1,actuals,0.06894526112659236
2026-10-01,8000,ebitda,1,actuals,19046702.9917872
2026-10-01,8001,ebitda_pct,1,actuals,0.9592121347106309
2026-11-01,2001,cogs_pct,1,actuals,0.0424105183289093
2026-11-01,3000,gross_margin,1,actuals,19309102.993757397
2026-11-01,3001,gross_margin_pct,1,actuals,0.9575894816710907
2026-11-01,4001,commercial_costs_pct,1,actuals,0.011874673917993364
2026-11-01,5000,contribution_margin,1,actuals,19309102.993757397
2026-11-01,5001,contribution_margin_pct,1,actuals,0.9575894816710907
2026-11-01,6001,fixed_costs_pct,1,actuals,0.015770496311381575
2026-11-01,7000,total_cost,1,actuals,1412622.5606716997
2026-11-01,7001,total_cost_pct,1,actuals,0.07005568855828423
2026-11-01,8000,ebitda,1,actuals,19309102.993757397
2026-11-01,8001,ebitda_pct,1,actuals,0.9575894816710907
2026-12-01,2001,cogs_pct,1,actuals,0.03711182615884213
2026-12-01,3000,gross_margin,1,actuals,21618256.5141513
2026-12-01,3001,gross_margin_pct,1,actuals,0.9628881738411579
2026-12-01,4001,commercial_costs_pct,1,actuals,0.010233956316759643
2026-12-01,5000,contribution_margin,1,actuals,21618256.5141513
2026-12-01,5001,contribution_margin_pct,1,actuals,0.9628881738411579
2026-12-01,6001,fixed_costs_pct,1,actuals,0.014033021704155003
2026-12-01,7000,total_cost,1,actuals,1378044.4804888999
2026-12-01,7001,total_cost_pct,1,actuals,0.061378804179756774
2026-12-01,8000,ebitda,1,actuals,21618256.5141513
2026-12-01,8001,ebitda_pct,1,actuals,0.9628881738411579
2027-01-01,2001,cogs_pct,1,actuals,0.03950871778546683
2027-01-01,3000,gross_margin,1,actuals,18445165.561592396
2027-01-01,3001,gross_margin_pct,1,actuals,0.9604912822145332
2027-01-01,4001,commercial_costs_pct,1,actuals,0.012810667628396985
2027-01-01,5000,contribution_margin,1,actuals,18445165.561592396
2027-01-01,5001,contribution_margin_pct,1,actuals,0.9604912822145332
2027-01-01,6001,fixed_costs_pct,1,actuals,0.017698381418156866
2027-01-01,7000,total_cost,1,actuals,1344613.2467667
2027-01-01,7001,total_cost_pct,1,actuals,0.07001776683202067
2027-01-01,8000,ebitda,1,actuals,18445165.561592396
2027-01-01,8001,ebitda_pct,1,actuals,0.9604912822145332
2027-02-01,2001,cogs_pct,1,actuals,0.041389636218873344
2027-02-01,3000,gross_margin,1,actuals,19941194.7013127
2027-02-01,3001,gross_margin_pct,1,actuals,0.9586103637811266
2027-02-01,4001,commercial_costs_pct,1,actuals,0.012250019300050858
2027-02-01,5000,contribution_margin,1,actuals,19941194.7013127
2027-02-01,5001,contribution_margin_pct,1,actuals,0.9586103637811266
2027-02-01,6001,fixed_costs_pct,1,actuals,0.015333260055141264
2027-02-01,7000,total_cost,1,actuals,1434787.6786503
2027-02-01,7001,total_cost_pct,1,actuals,0.06897291557406547
2027-02-01,8000,ebitda,1,actuals,19941194.7013127
2027-02-01,8001,ebitda_pct,1,actuals,0.9586103637811266
2027-03-01,2001,cogs_pct,1,actuals,0.042662791798485644
2027-03-01,3000,gross_margin,1,actuals,20873733.958198898
2027-03-01,3001,gross_margin_pct,1,actuals,0.9573372082015144
2027-03-01,4001,commercial_costs_pct,1,actuals,0.011485006701173174
2027-03-01,5000,contribution_margin,1,actuals,20873733.958198898
2027-03-01,5001,contribution_margin_pct,1,actuals,0.9573372082015144
2027-03-01,6001,fixed_costs_pct,1,actuals,0.015245924868471579
2027-03-01,7000,total_cost,1,actuals,1513057.371578
2027-03-01,7001,total_cost_pct,1,actuals,0.06939372336813039
2027-03-01,8000,ebitda,1,actuals,20873733.958198898
2027-03-01,8001,ebitda_pct,1,actuals,0.9573372082015144
2027-04-01,2001,cogs_pct,1,actuals,0.04031241069645993
2027-04-01,3000,gross_margin,1,actuals,22398874.547698103
2027-04-01,3001,gross_margin_pct,1,actuals,0.95968758930354
2027-04-01,4001,commercial_costs_pct,1,actuals,0.010718821448170242
2027-04-01,5000,contribution_margin,1,actuals,22398874.547698103
2027-04-01,5001,contribution_margin_pct,1,actuals,0.95968758930354
2027-04-01,6001,fixed_costs_pct,1,actuals,0.014658965877171746
2027-04-01,7000,total_cost,1,actuals,1533193.2192346
2027-04-01,7001,total_cost_pct,1,actuals,0.06569019802180191
2027-04-01,8000,ebitda,1,actuals,22398874.547698103
2027-04-01,8001,ebitda_pct,1,actuals,0.95968758930354
2027-05-01,2001,cogs_pct,1,actuals,0.038736139709493016
2027-05-01,3000,gross_margin,1,actuals,21658839.0267655
2027-05-01,3001,gross_margin_pct,1,actuals,0.9612638602905069
2027-05-01,4001,commercial_costs_pct,1,actuals,0.011297218687598925
2027-05-01,5000,contribution_margin,1,actuals,21658839.0267655
2027-05-01,5001,contribution_margin_pct,1,actuals,0.9612638602905069
2027-05-01,6001,fixed_costs_pct,1,actuals,0.014056098606380699
2027-05-01,7000,total_cost,1,actuals,1444039.7583776
2027-05-01,7001,total_cost_pct,1,actuals,0.06408945700347264
2027-05-01,8000,ebitda,1,actuals,21658839.0267655
2027-05-01,8001,ebitda_pct,1,actuals,0.9612638602905069
2027-06-01,2001,cogs_pct,1,actuals,0.04140218785305856
2027-06-01,3000,gross_margin,1,actuals,20711609.1580518
2027-06-01,3001,gross_margin_pct,1,actuals,0.9585978121469414
2027-06-01,4001,commercial_costs_pct,1,actuals,0.011783953118257227
2027-06-01,5000,contribution_margin,1,actuals,20711609.1580518
2027-06-01,5001,contribution_margin_pct,1,actuals,0.9585978121469414
2027-06-01,6001,fixed_costs_pct,1,actuals,0.014794736131208165
2027-06-01,7000,total_cost,1,actuals,1468805.1015009
2027-06-01,7001,total_cost_pct,1,actuals,0.06798087710252396
2027-06-01,8000,ebitda,1,actuals,20711609.1580518
2027-06-01,8001,ebitda_pct,1,actuals,0.9585978121469414
2027-07-01,2001,cogs_pct,1,actuals,0.03895470814052439
2027-07-01,3000,gross_margin,1,actuals,20754885.976688202
2027-07-01,3001,gross_margin_pct,1,actuals,0.9610452918594756
2027-07-01,4001,commercial_costs_pct,1,actuals,0.011201071935180577
2027-07-01,5000,contribution_margin,1,actuals,20754885.976688202
2027-07-01,5001,contribution_margin_pct,1,actuals,0.9610452918594756
2027-07-01,6001,fixed_costs_pct,1,actuals,0.016179880627901946
2027-07-01,7000,total_cost,1,actuals,1432595.4101785999
2027-07-01,7001,total_cost_pct,1,actuals,0.06633566070360691
2027-07-01,8000,ebitda,1,actuals,20754885.976688202
2027-07-01,8001,ebitda_pct,1,actuals,0.9610452918594756
2027-08-01,2001,cogs_pct,1,actuals,0.039406712939514754
2027-08-01,3000,gross_margin,1,actuals,22153103.8230641
2027-08-01,3001,gross_margin_pct,1,actuals,0.9605932870604852
2027-08-01,4001,commercial_costs_pct,1,actuals,0.010371738970338194
2027-08-01,5000,contribution_margin,1,actuals,22153103.8230641
2027-08-01,5001,contribution_margin_pct,1,actuals,0.9605932870604852
2027-08-01,6001,fixed_costs_pct,1,actuals,0.014837232736088399
2027-08-01,7000,total_cost,1,actuals,1490160.2893148
2027-08-01,7001,total_cost_pct,1,actuals,0.06461568464594133
2027-08-01,8000,ebitda,1,actuals,22153103.8230641
2027-08-01,8001,ebitda_pct,1,actuals,0.9605932870604852
2027-09-01,2001,cogs_pct,1,actuals,0.037246097966238276
2027-09-01,3000,gross_margin,1,actuals,22175709.471718
2027-09-01,3001,gross_margin_pct,1,actuals,0.9627539020337617
2027-09-01,4001,commercial_costs_pct,1,actuals,0.010552014906461796
2027-09-01,5000,contribution_margin,1,actuals,22175709.471718
2027-09-01,5001,contribution_margin_pct,1,actuals,0.9627539020337617
2027-09-01,6001,fixed_costs_pct,1,actuals,0.013488228782490425
2027-09-01,7000,total_cost,1,actuals,1411646.4282918
2027-09-01,7001,total_cost_pct,1,actuals,0.06128634165519049
2027-09-01,8000,ebitda,1,actuals,22175709.471718
2027-09-01,8001,ebitda_pct,1,actuals,0.9627539020337617
2027-10-01,2001,cogs_pct,1,actuals,0.03931925520672954
2027-10-01,3000,gross_margin,1,actuals,20721404.234644502
2027-10-01,3001,gross_margin_pct,1,actuals,0.9606807447932706
2027-10-01,4001,commercial_costs_pct,1,actuals,0.011662820748073134
2027-10-01,5000,contribution_margin,1,actuals,20721404.234644502
2027-10-01,5001,contribution_margin_pct,1,actuals,0.9606807447932706
2027-10-01,6001,fixed_costs_pct,1,actuals,0.014458441329930325
2027-10-01,7000,total_cost,1,actuals,1411519.2995493999
2027-10-01,7001,total_cost_pct,1,actuals,0.06544051728473299
2027-10-01,8000,ebitda,1,actuals,20721404.234644502
2027-10-01,8001,ebitda_pct,1,actuals,0.9606807447932706
2027-11-01,2001,cogs_pct,1,actuals,0.03622677418576975
2027-11-01,3000,gross_margin,1,actuals,22652263.0322613
2027-11-01,3001,gross_margin_pct,1,actuals,0.9637732258142303
2027-11-01,4001,commercial_costs_pct,1,actuals,0.01019013870837094
2027-11-01,5000,contribution_margin,1,actuals,22652263.0322613
2027-11-01,5001,contribution_margin_pct,1,actuals,0.9637732258142303
2027-11-01,6001,fixed_costs_pct,1,actuals,0.01451951626326898
2027-11-01,7000,total_cost,1,actuals,1432233.2106230003
2027-11-01,7001,total_cost_pct,1,actuals,0.060936429157409676
2027-11-01,8000,ebitda,1,actuals,22652263.0322613
2027-11-01,8001,ebitda_pct,1,actuals,0.9637732258142303
2027-12-01,2001,cogs_pct,1,actuals,0.046480376529207806
2027-12-01,3000,gross_margin,1,actuals,20634708.223994397
2027-12-01,3001,gross_margin_pct,1,actuals,0.9535196234707922
2027-12-01,4001,commercial_costs_pct,1,actuals,0.01092431937878633
2027-12-01,5000,contribution_margin,1,actuals,20634708.223994397
2027-12-01,5001,contribution_margin_pct,1,actuals,0.9535196234707922
2027-12-01,6001,fixed_costs_pct,1,actuals,0.015088624063884289
2027-12-01,7000,total_cost,1,actuals,1568796.7703940999
2027-12-01,7001,total_cost_pct,1,actuals,0.07249331997187843
2027-12-01,8000,ebitda,1,actuals,20634708.223994397
2027-12-01,8001,ebitda_pct,1,actuals,0.9535196234707922
2025-01-01,2001,cogs_pct,2,budget,0.04003333111125925
2025-01-01,3000,gross_margin,2,budget,14400460.0
2025-01-01,3001,gross_margin_pct,2,budget,0.9599666688887407
2025-01-01,4001,commercial_costs_pct,2,budget,0.015155256316245584
2025-01-01,5000,contribution_margin,2,budget,14400460.0
2025-01-01,5001,contribution_margin_pct,2,budget,0.9599666688887407
2025-01-01,6001,fixed_costs_pct,2,budget,0.019961669222051864
2025-01-01,7000,total_cost,2,budget,1127329.0
2025-01-01,7001,total_cost_pct,2,budget,0.0751502566495567
2025-01-01,8000,ebitda,2,budget,14400460.0
2025-01-01,8001,ebitda_pct,2,budget,0.9599666688887407
2025-02-01,2001,cogs_pct,2,budget,0.04003290556103981
2025-02-01,3000,gross_margin,2,budget,14586700.0
2025-02-01,3001,gross_margin_pct,2,budget,0.9599670944389602
2025-02-01,4001,commercial_costs_pct,2,budget,0.014961763738071733
2025-02-01,5000,contribution_margin,2,budget,14586700.0
2025-02-01,5001,contribution_margin_pct,2,budget,0.9599670944389602
2025-02-01,6001,fixed_costs_pct,2,budget,0.01970681145113524
2025-02-01,7000,total_cost,2,budget,1135089.0
2025-02-01,7001,total_cost_pct,2,budget,0.0747014807502468
2025-02-01,8000,ebitda,2,budget,14586700.0
2025-02-01,8001,ebitda_pct,2,budget,0.9599670944389602
2025-03-01,2001,cogs_pct,2,budget,0.040032378877154697
2025-03-01,3000,gross_margin,2,budget,14830822.23
2025-03-01,3001,gross_margin_pct,2,budget,0.9599676211228453
2025-03-01,4001,commercial_costs_pct,2,budget,0.014715494223583054
2025-03-01,5000,contribution_margin,2,budget,14830822.23
2025-03-01,5001,contribution_margin_pct,2,budget,0.9599676211228453
2025-03-01,6001,fixed_costs_pct,2,budget,0.01938243880542626
2025-03-01,7000,total_cost,2,budget,1145261.0
2025-03-01,7001,total_cost_pct,2,budget,0.07413031190616401
2025-03-01,8000,ebitda,2,budget,14830822.23
2025-03-01,8001,ebitda_pct,2,budget,0.9599676211228453
2025-04-01,2001,cogs_pct,2,budget,0.04003183109250565
2025-04-01,3000,gross_margin,2,budget,15075223.21
2025-04-01,3001,gross_margin_pct,2,budget,0.9599681689074944
2025-04-01,4001,commercial_costs_pct,2,budget,0.014476933465723815
2025-04-01,5000,contribution_margin,2,budget,15075223.21
2025-04-01,5001,contribution_margin_pct,2,budget,0.9599681689074944
2025-04-01,6001,fixed_costs_pct,2,budget,0.01906821970953123
2025-04-01,7000,total_cost,2,budget,1155444.0
2025-04-01,7001,total_cost_pct,2,budget,0.07357698426776069
2025-04-01,8000,ebitda,2,budget,15075223.21
2025-04-01,8001,ebitda_pct,2,budget,0.9599681689074944
2025-05-01,2001,cogs_pct,2,budget,0.04003133681995907
2025-05-01,3000,gross_margin,2,budget,15319897.59
2025-05-01,3001,gross_margin_pct,2,budget,0.9599686631800409
2025-05-01,4001,commercial_costs_pct,2,budget,0.01424572941691598
2025-05-01,5000,contribution_margin,2,budget,15319897.59
2025-05-01,5001,contribution_margin_pct,2,budget,0.9599686631800409
2025-05-01,6001,fixed_costs_pct,2,budget,0.01876369046576292
2025-05-01,7000,total_cost,2,budget,1165639.0
2025-05-01,7001,total_cost_pct,2,budget,0.07304075670263797
2025-05-01,8000,ebitda,2,budget,15319897.59
2025-05-01,8001,ebitda_pct,2,budget,0.9599686631800409
2025-06-01,2001,cogs_pct,2,budget,0.04003084233018377
2025-06-01,3000,gross_margin,2,budget,15564842.14
2025-06-01,3001,gross_margin_pct,2,budget,0.9599691576698163
2025-06-01,4001,commercial_costs_pct,2,budget,0.01402155101980923
2025-06-01,5000,contribution_margin,2,budget,15564842.14
2025-06-01,5001,contribution_margin_pct,2,budget,0.9599691576698163
2025-06-01,6001,fixed_costs_pct,2,budget,0.018468415023606407
2025-06-01,7000,total_cost,2,budget,1175845.0
2025-06-01,7001,total_cost_pct,2,budget,0.07252080837359941
2025-06-01,8000,ebitda,2,budget,15564842.14
2025-06-01,8001,ebitda_pct,2,budget,0.9599691576698163
2025-07-01,2001,cogs_pct,2,budget,0.040030357624063415
2025-07-01,3000,gross_margin,2,budget,15810052.76
2025-07-01,3001,gross_margin_pct,2,budget,0.9599696423759366
2025-07-01,4001,commercial_costs_pct,2,budget,0.013804086658614979
2025-07-01,5000,contribution_margin,2,budget,15810052.76
2025-07-01,5001,contribution_margin_pct,2,budget,0.9599696423759366
2025-07-01,6001,fixed_costs_pct,2,budget,0.018181982939901482
2025-07-01,7000,total_cost,2,budget,1186062.0
2025-07-01,7001,total_cost_pct,2,budget,0.07201642722257988
2025-07-01,8000,ebitda,2,budget,15810052.76
2025-07-01,8001,ebitda_pct,2,budget,0.9599696423759366
2025-08-01,2001,cogs_pct,2,budget,0.040029927577206706
2025-08-01,3000,gross_margin,2,budget,16050690.28
2025-08-01,3001,gross_margin_pct,2,budget,0.9599700724227933
2025-08-01,4001,commercial_costs_pct,2,budget,0.013597137091158644
2025-08-01,5000,contribution_margin,2,budget,16050690.28
2025-08-01,5001,contribution_margin_pct,2,budget,0.9599700724227933
2025-08-01,6001,fixed_costs_pct,2,budget,0.017909400363598775
2025-08-01,7000,total_cost,2,budget,1196089.0
2025-08-01,7001,total_cost_pct,2,budget,0.07153646503196412
2025-08-01,8000,ebitda,2,budget,16050690.28
2025-08-01,8001,ebitda_pct,2,budget,0.9599700724227933
2025-09-01,2001,cogs_pct,2,budget,0.0400294777918963
2025-09-01,3000,gross_margin,2,budget,16291581.370000001
2025-09-01,3001,gross_margin_pct,2,budget,0.9599705222081037
2025-09-01,4001,commercial_costs_pct,2,budget,0.01339609295404324
2025-09-01,5000,contribution_margin,2,budget,16291581.370000001
2025-09-01,5001,contribution_margin_pct,2,budget,0.9599705222081037
2025-09-01,6001,fixed_costs_pct,2,budget,0.01764459609500791
2025-09-01,7000,total_cost,2,budget,1206126.0
2025-09-01,7001,total_cost_pct,2,budget,0.07107016684094745
2025-09-01,8000,ebitda,2,budget,16291581.370000001
2025-09-01,8001,ebitda_pct,2,budget,0.9599705222081037
2025-10-01,2001,cogs_pct,2,budget,0.04002901754221072
2025-10-01,3000,gross_margin,2,budget,16532722.420000002
2025-10-01,3001,gross_margin_pct,2,budget,0.9599709824577892
2025-10-01,4001,commercial_costs_pct,2,budget,0.013200708116400083
2025-10-01,5000,contribution_margin,2,budget,16532722.420000002
2025-10-01,5001,contribution_margin_pct,2,budget,0.9599709824577892
2025-10-01,6001,fixed_costs_pct,2,budget,0.01738724594409979
2025-10-01,7000,total_cost,2,budget,1216173.0
2025-10-01,7001,total_cost_pct,2,budget,0.0706169716027106
2025-10-01,8000,ebitda,2,budget,16532722.420000002
2025-10-01,8001,ebitda_pct,2,budget,0.9599709824577892
2025-11-01,2001,cogs_pct,2,budget,0.040028612524249746
2025-11-01,3000,gross_margin,2,budget,16774108.940000001
2025-11-01,3001,gross_margin_pct,2,budget,0.9599713874757503
2025-11-01,4001,commercial_costs_pct,2,budget,0.013010749834458088
2025-11-01,5000,contribution_margin,2,budget,16774108.940000001
2025-11-01,5001,contribution_margin_pct,2,budget,0.9599713874757503
2025-11-01,6001,fixed_costs_pct,2,budget,0.017137043353593243
2025-11-01,7000,total_cost,2,budget,1226231.0
2025-11-01,7001,total_cost_pct,2,budget,0.07017640571230108
2025-11-01,8000,ebitda,2,budget,16774108.940000001
2025-11-01,8001,ebitda_pct,2,budget,0.9599713874757503
2025-12-01,2001,cogs_pct,2,budget,0.040028211756821475
2025-12-01,3000,gross_margin,2,budget,17015738.49
2025-12-01,3001,gross_margin_pct,2,budget,0.9599717882431785
2025-12-01,4001,commercial_costs_pct,2,budget,0.012825997905093403
2025-12-01,5000,contribution_margin,2,budget,17015738.49
2025-12-01,5001,contribution_margin_pct,2,budget,0.9599717882431785
2025-12-01,6001,fixed_costs_pct,2,budget,0.016893698284057176
2025-12-01,7000,total_cost,2,budget,1236299.0
2025-12-01,7001,total_cost_pct,2,budget,0.06974790794597205
2025-12-01,8000,ebitda,2,budget,17015738.49
2025-12-01,8001,ebitda_pct,2,budget,0.9599717882431785
2026-01-01,2001,cogs_pct,2,budget,0.04002780598366949
2026-01-01,3000,gross_margin,2,budget,17252746.68
2026-01-01,3001,gross_margin_pct,2,budget,0.9599721940163305
2026-01-01,4001,commercial_costs_pct,2,budget,0.01328234203100386
2026-01-01,5000,contribution_margin,2,budget,17252746.68
2026-01-01,5001,contribution_margin_pct,2,budget,0.9599721940163305
2026-01-01,6001,fixed_costs_pct,2,budget,0.017494752742652952
2026-01-01,7000,total_cost,2,budget,1272515.0
2026-01-01,7001,total_cost_pct,2,budget,0.0708049007573263
2026-01-01,8000,ebitda,2,budget,17252746.68
2026-01-01,8001,ebitda_pct,2,budget,0.9599721940163305
2026-02-01,2001,cogs_pct,2,budget,0.04002743018696012
2026-02-01,3000,gross_margin,2,budget,17489986.06
2026-02-01,3001,gross_margin_pct,2,budget,0.9599725698130399
2026-02-01,4001,commercial_costs_pct,2,budget,0.013102181516845097
2026-02-01,5000,contribution_margin,2,budget,17489986.06
2026-02-01,5001,contribution_margin_pct,2,budget,0.9599725698130399
2026-02-01,6001,fixed_costs_pct,2,budget,0.017257455461658407
2026-02-01,7000,total_cost,2,budget,1282400.0
2026-02-01,7001,total_cost_pct,2,budget,0.07038706716546363
2026-02-01,8000,ebitda,2,budget,17489986.06
2026-02-01,8001,ebitda_pct,2,budget,0.9599725698130399
2026-03-01,2001,cogs_pct,2,budget,0.040027089745601825
2026-03-01,3000,gross_margin,2,budget,17727453.6
2026-03-01,3001,gross_margin_pct,2,budget,0.9599729102543981
2026-03-01,4001,commercial_costs_pct,2,budget,0.012926676245969578
2026-03-01,5000,contribution_margin,2,budget,17727453.6
2026-03-01,5001,contribution_margin_pct,2,budget,0.9599729102543981
2026-03-01,6001,fixed_costs_pct,2,budget,0.01702628980489151
2026-03-01,7000,total_cost,2,budget,1292295.0
2026-03-01,7001,total_cost_pct,2,budget,0.06998005579646292
2026-03-01,8000,ebitda,2,budget,17727453.6
2026-03-01,8001,ebitda_pct,2,budget,0.9599729102543981
2026-04-01,2001,cogs_pct,2,budget,0.040026736123510334
2026-04-01,3000,gross_margin,2,budget,17965147.36
2026-04-01,3001,gross_margin_pct,2,budget,0.9599732638764896
2026-04-01,4001,commercial_costs_pct,2,budget,0.012755650325290992
2026-04-01,5000,contribution_margin,2,budget,17965147.36
2026-04-01,5001,contribution_margin_pct,2,budget,0.9599732638764896
2026-04-01,6001,fixed_costs_pct,2,budget,0.016801024095886855
2026-04-01,7000,total_cost,2,budget,1302199.0
2026-04-01,7001,total_cost_pct,2,budget,0.06958341054468818
2026-04-01,8000,ebitda,2,budget,17965147.36
2026-04-01,8001,ebitda_pct,2,budget,0.9599732638764896
2026-05-01,2001,cogs_pct,2,budget,0.040026375950576794
2026-05-01,3000,gross_margin,2,budget,18203064.45
2026-05-01,3001,gross_margin_pct,2,budget,0.9599736240494232
2026-05-01,4001,commercial_costs_pct,2,budget,0.01258893657018755
2026-05-01,5000,contribution_margin,2,budget,18203064.45
2026-05-01,5001,contribution_margin_pct,2,budget,0.9599736240494232
2026-05-01,6001,fixed_costs_pct,2,budget,0.016581438128477954
2026-05-01,7000,total_cost,2,budget,1312112.0
2026-05-01,7001,total_cost_pct,2,budget,0.0691967506492423
2026-05-01,8000,ebitda,2,budget,18203064.45
2026-05-01,8001,ebitda_pct,2,budget,0.9599736240494232
2026-06-01,2001,cogs_pct,2,budget,0.04002605390194143
2026-06-01,3000,gross_margin,2,budget,18436314.86
2026-06-01,3001,gross_margin_pct,2,budget,0.9599739460980585
2026-06-01,4001,commercial_costs_pct,2,budget,0.012429669506141194
2026-06-01,5000,contribution_margin,2,budget,18436314.86
2026-06-01,5001,contribution_margin_pct,2,budget,0.9599739460980585
2026-06-01,6001,fixed_costs_pct,2,budget,0.016371660523065042
2026-06-01,7000,total_cost,2,budget,1321831.0
2026-06-01,7001,total_cost_pct,2,budget,0.06882738393114766
2026-06-01,8000,ebitda,2,budget,18436314.86
2026-06-01,8001,ebitda_pct,2,budget,0.9599739460980585
2026-07-01,2001,cogs_pct,2,budget,0.04002569476961045
2026-07-01,3000,gross_margin,2,budget,18669779.07
2026-07-01,3001,gross_margin_pct,2,budget,0.9599743052303895
2026-07-01,4001,commercial_costs_pct,2,budget,0.012274241997774039
2026-07-01,5000,contribution_margin,2,budget,18669779.07
2026-07-01,5001,contribution_margin_pct,2,budget,0.9599743052303895
2026-07-01,6001,fixed_costs_pct,2,budget,0.016166940164114574
2026-07-01,7000,total_cost,2,budget,1331558.0
2026-07-01,7001,total_cost_pct,2,budget,0.06846687693149907
2026-07-01,8000,ebitda,2,budget,18669779.07
2026-07-01,8001,ebitda_pct,2,budget,0.9599743052303895
2026-08-01,2001,cogs_pct,2,budget,0.040025406668547356
2026-08-01,3000,gross_margin,2,budget,18903452.54
2026-08-01,3001,gross_margin_pct,2,budget,0.9599745933314526
2026-08-01,4001,commercial_costs_pct,2,budget,0.012122518605447179
2026-08-01,5000,contribution_margin,2,budget,18903452.54
2026-08-01,5001,contribution_margin_pct,2,budget,0.9599745933314526
2026-08-01,6001,fixed_costs_pct,2,budget,0.015967098658163356
2026-08-01,7000,total_cost,2,budget,1341295.0
2026-08-01,7001,total_cost_pct,2,budget,0.06811502393215789
2026-08-01,8000,ebitda,2,budget,18903452.54
2026-08-01,8001,ebitda_pct,2,budget,0.9599745933314526
2026-09-01,2001,cogs_pct,2,budget,0.04002509172102083
2026-09-01,3000,gross_margin,2,budget,19137334.76
2026-09-01,3001,gross_margin_pct,2,budget,0.9599749082789791
2026-09-01,4001,commercial_costs_pct,2,budget,0.011974370160680183
2026-09-01,5000,contribution_margin,2,budget,19137334.76
2026-09-01,5001,contribution_margin_pct,2,budget,0.9599749082789791
2026-09-01,6001,fixed_costs_pct,2,budget,0.015771965871764895
2026-09-01,7000,total_cost,2,budget,1351040.0
2026-09-01,7001,total_cost_pct,2,budget,0.06777142775346591
2026-09-01,8000,ebitda,2,budget,19137334.76
2026-09-01,8001,ebitda_pct,2,budget,0.9599749082789791
2026-10-01,2001,cogs_pct,2,budget,0.04002475576907043
2026-10-01,3000,gross_margin,2,budget,19371423.28
2026-10-01,3001,gross_margin_pct,2,budget,0.9599752442309296
2026-10-01,4001,commercial_costs_pct,2,budget,0.011829673389948952
2026-10-01,5000,contribution_margin,2,budget,19371423.28
2026-10-01,5001,contribution_margin_pct,2,budget,0.9599752442309296
2026-10-01,6001,fixed_costs_pct,2,budget,0.015581379435977117
2026-10-01,7000,total_cost,2,budget,1360793.0
2026-10-01,7001,total_cost_pct,2,budget,0.0674358085949965
2026-10-01,8000,ebitda,2,budget,19371423.28
2026-10-01,8001,ebitda_pct,2,budget,0.9599752442309296
2026-11-01,2001,cogs_pct,2,budget,0.0400245021875728
2026-11-01,3000,gross_margin,2,budget,19605713.71
2026-11-01,3001,gross_margin_pct,2,budget,0.9599754978124272
2026-11-01,4001,commercial_costs_pct,2,budget,0.011688310582486828
2026-11-01,5000,contribution_margin,2,budget,19605713.71
2026-11-01,5001,contribution_margin_pct,2,budget,0.9599754978124272
2026-11-01,6001,fixed_costs_pct,2,budget,0.015395184308808705
2026-11-01,7000,total_cost,2,budget,1370556.0
2026-11-01,7001,total_cost_pct,2,budget,0.06710799707886833
2026-11-01,8000,ebitda,2,budget,19605713.71
2026-11-01,8001,ebitda_pct,2,budget,0.9599754978124272
2026-12-01,2001,cogs_pct,2,budget,0.0400241829810065
2026-12-01,3000,gross_margin,2,budget,19835292.11
2026-12-01,3001,gross_margin_pct,2,budget,0.9599758170189935
2026-12-01,4001,commercial_costs_pct,2,budget,0.011553031130643529
2026-12-01,5000,contribution_margin,2,budget,19835292.11
2026-12-01,5001,contribution_margin_pct,2,budget,0.9599758170189935
2026-12-01,6001,fixed_costs_pct,2,budget,0.015217001834992281
2026-12-01,7000,total_cost,2,budget,1380121.0
2026-12-01,7001,total_cost_pct,2,budget,0.06679421594664231
2026-12-01,8000,ebitda,2,budget,19835292.11
2026-12-01,8001,ebitda_pct,2,budget,0.9599758170189935
2027-01-01,2001,cogs_pct,2,budget,0.04002391367662737
2027-01-01,3000,gross_margin,2,budget,20065064.13
2027-01-01,3001,gross_margin_pct,2,budget,0.9599760863233726
2027-01-01,4001,commercial_costs_pct,2,budget,0.01199164899736215
2027-01-01,5000,contribution_margin,2,budget,20065064.13
2027-01-01,5001,contribution_margin_pct,2,budget,0.9599760863233726
2027-01-01,6001,fixed_costs_pct,2,budget,0.015794893208881656
2027-01-01,7000,total_cost,2,budget,1417349.0
2027-01-01,7001,total_cost_pct,2,budget,0.06781045588287117
2027-01-01,8000,ebitda,2,budget,20065064.13
2027-01-01,8001,ebitda_pct,2,budget,0.9599760863233726
2027-02-01,2001,cogs_pct,2,budget,0.04002364929974933
2027-02-01,3000,gross_margin,2,budget,20295028.65
2027-02-01,3001,gross_margin_pct,2,budget,0.9599763507002507
2027-02-01,4001,commercial_costs_pct,2,budget,0.011855773971586108
2027-02-01,5000,contribution_margin,2,budget,20295028.65
2027-02-01,5001,contribution_margin_pct,2,budget,0.9599763507002507
2027-02-01,6001,fixed_costs_pct,2,budget,0.015615924367952547
2027-02-01,7000,total_cost,2,budget,1426931.0
2027-02-01,7001,total_cost_pct,2,budget,0.06749534763928798
2027-02-01,8000,ebitda,2,budget,20295028.65
2027-02-01,8001,ebitda_pct,2,budget,0.9599763507002507
2027-03-01,2001,cogs_pct,2,budget,0.04002339364194336
2027-03-01,3000,gross_margin,2,budget,20525183.56
2027-03-01,3001,gross_margin_pct,2,budget,0.9599766063580566
2027-03-01,4001,commercial_costs_pct,2,budget,0.011722834818857773
2027-03-01,5000,contribution_margin,2,budget,20525183.56
2027-03-01,5001,contribution_margin_pct,2,budget,0.9599766063580566
2027-03-01,6001,fixed_costs_pct,2,budget,0.015440822534911473
2027-03-01,7000,total_cost,2,budget,1436521.0
2027-03-01,7001,total_cost_pct,2,budget,0.06718705099571261
2027-03-01,8000,ebitda,2,budget,20525183.56
2027-03-01,8001,ebitda_pct,2,budget,0.9599766063580566
2027-04-01,2001,cogs_pct,2,budget,0.04002310394489168
2027-04-01,3000,gross_margin,2,budget,20755527.82
2027-04-01,3001,gross_margin_pct,2,budget,0.9599768960551083
2027-04-01,4001,commercial_costs_pct,2,budget,0.01159273862839941
2027-04-01,5000,contribution_margin,2,budget,20755527.82
2027-04-01,5001,contribution_margin_pct,2,budget,0.9599768960551083
2027-04-01,6001,fixed_costs_pct,2,budget,0.01526946533160906
2027-04-01,7000,total_cost,2,budget,1446118.0
2027-04-01,7001,total_cost_pct,2,budget,0.06688530790490016
2027-04-01,8000,ebitda,2,budget,20755527.82
2027-04-01,8001,ebitda_pct,2,budget,0.9599768960551083
2027-05-01,2001,cogs_pct,2,budget,0.0400228685085152
2027-05-01,3000,gross_margin,2,budget,20981120.73
2027-05-01,3001,gross_margin_pct,2,budget,0.9599771314914848
2027-05-01,4001,commercial_costs_pct,2,budget,0.011468094160415386
2027-05-01,5000,contribution_margin,2,budget,20981120.73
2027-05-01,5001,contribution_margin_pct,2,budget,0.9599771314914848
2027-05-01,6001,fixed_costs_pct,2,budget,0.015105288906722157
2027-05-01,7000,total_cost,2,budget,1455518.0
2027-05-01,7001,total_cost_pct,2,budget,0.06659625157565274
2027-05-01,8000,ebitda,2,budget,20981120.73
2027-05-01,8001,ebitda_pct,2,budget,0.9599771314914848
2027-06-01,2001,cogs_pct,2,budget,0.040022614458167474
2027-06-01,3000,gross_margin,2,budget,21206894.58
2027-06-01,3001,gross_margin_pct,2,budget,0.9599773855418325
2027-06-01,4001,commercial_costs_pct,2,budget,0.011346004993397418
2027-06-01,5000,contribution_margin,2,budget,21206894.58
2027-06-01,5001,contribution_margin_pct,2,budget,0.9599773855418325
2027-06-01,6001,fixed_costs_pct,2,budget,0.014944478216262961
2027-06-01,7000,total_cost,2,budget,1464925.0
2027-06-01,7001,total_cost_pct,2,budget,0.06631309766782785
2027-06-01,8000,ebitda,2,budget,21206894.58
2027-06-01,8001,ebitda_pct,2,budget,0.9599773855418325
2027-07-01,2001,cogs_pct,2,budget,0.040022390458969125
2027-07-01,3000,gross_margin,2,budget,21432846.54
2027-07-01,3001,gross_margin_pct,2,budget,0.9599776095410308
2027-07-01,4001,commercial_costs_pct,2,budget,0.011226394379969824
2027-07-01,5000,contribution_margin,2,budget,21432846.54
2027-07-01,5001,contribution_margin_pct,2,budget,0.9599776095410308
2027-07-01,6001,fixed_costs_pct,2,budget,0.014786932171832105
2027-07-01,7000,total_cost,2,budget,1474340.0
2027-07-01,7001,total_cost_pct,2,budget,0.06603571701077106
2027-07-01,8000,ebitda,2,budget,21432846.54
2027-07-01,8001,ebitda_pct,2,budget,0.9599776095410308
2027-08-01,2001,cogs_pct,2,budget,0.04002215448203877
2027-08-01,3000,gross_margin,2,budget,21658975.79
2027-08-01,3001,gross_margin_pct,2,budget,0.9599778455179613
2027-08-01,4001,commercial_costs_pct,2,budget,0.01110918860719819
2027-08-01,5000,contribution_margin,2,budget,21658975.79
2027-08-01,5001,contribution_margin_pct,2,budget,0.9599778455179613
2027-08-01,6001,fixed_costs_pct,2,budget,0.014632553681867992
2027-08-01,7000,total_cost,2,budget,1483762.0
2027-08-01,7001,total_cost_pct,2,budget,0.06576389677110495
2027-08-01,8000,ebitda,2,budget,21658975.79
2027-08-01,8001,ebitda_pct,2,budget,0.9599778455179613
2027-09-01,2001,cogs_pct,2,budget,0.04002195387574651
2027-09-01,3000,gross_margin,2,budget,21885279.56
2027-09-01,3001,gross_margin_pct,2,budget,0.9599780461242535
2027-09-01,4001,commercial_costs_pct,2,budget,0.010994316828859988
2027-09-01,5000,contribution_margin,2,budget,21885279.56
2027-09-01,5001,contribution_margin_pct,2,budget,0.9599780461242535
2027-09-01,6001,fixed_costs_pct,2,budget,0.014481249430720771
2027-09-01,7000,total_cost,2,budget,1493192.0
2027-09-01,7001,total_cost_pct,2,budget,0.06549752013532727
2027-09-01,8000,ebitda,2,budget,21885279.56
2027-09-01,8001,ebitda_pct,2,budget,0.9599780461242535
2027-10-01,2001,cogs_pct,2,budget,0.040021703735151605
2027-10-01,3000,gross_margin,2,budget,22111758.12
2027-10-01,3001,gross_margin_pct,2,budget,0.9599782962648484
2027-10-01,4001,commercial_costs_pct,2,budget,0.010881710932323771
2027-10-01,5000,contribution_margin,2,budget,22111758.12
2027-10-01,5001,contribution_margin_pct,2,budget,0.9599782962648484
2027-10-01,6001,fixed_costs_pct,2,budget,0.014332929703311207
2027-10-01,7000,total_cost,2,budget,1502628.0
2027-10-01,7001,total_cost_pct,2,budget,0.06523634437078658
2027-10-01,8000,ebitda,2,budget,22111758.12
2027-10-01,8001,ebitda_pct,2,budget,0.9599782962648484
2027-11-01,2001,cogs_pct,2,budget,0.04002148873273003
2027-11-01,3000,gross_margin,2,budget,22333445.87
2027-11-01,3001,gross_margin_pct,2,budget,0.95997851126727
2027-11-01,4001,commercial_costs_pct,2,budget,0.010773698575542962
2027-11-01,5000,contribution_margin,2,budget,22333445.87
2027-11-01,5001,contribution_margin_pct,2,budget,0.95997851126727
2027-11-01,6001,fixed_costs_pct,2,budget,0.014190660392312546
2027-11-01,7000,total_cost,2,budget,1511865.0
2027-11-01,7001,total_cost_pct,2,budget,0.06498584770058553
2027-11-01,8000,ebitda,2,budget,22333445.87
2027-11-01,8001,ebitda_pct,2,budget,0.95997851126727
2027-12-01,2001,cogs_pct,2,budget,0.04002128081305316
2027-12-01,3000,gross_margin,2,budget,22555299.85
2027-12-01,3001,gross_margin_pct,2,budget,0.9599787191869469
2027-12-01,4001,commercial_costs_pct,2,budget,0.010667730762648774
2027-12-01,5000,contribution_margin,2,budget,22555299.85
2027-12-01,5001,contribution_margin_pct,2,budget,0.9599787191869469
2027-12-01,6001,fixed_costs_pct,2,budget,0.014051084068104704
2027-12-01,7000,total_cost,2,budget,1521109.0
2027-12-01,7001,total_cost_pct,2,budget,0.06474009564380663
2027-12-01,8000,ebitda,2,budget,22555299.85
2027-12-01,8001,ebitda_pct,2,budget,0.9599787191869469
