date,asset_id,amount
2025-01-06,a1b2c3d4-e5f6-4a7b-8c9d-0e1f2a3b4c5d,173668.52149344547
2025-01-13,a1b2c3d4-e5f6-4a7b-8c9d-0e1f2a3b4c5d,173276.82288730884
2025-01-20,a1b2c3d4-e5f6-4a7b-8c9d-0e1f2a3b4c5d,174199.0785488329
2025-01-27,a1b2c3d4-e5f6-4a7b-8c9d-0e1f2a3b4c5d,170148.6612300512
2025-02-03,a1b2c3d4-e5f6-4a7b-8c9d-0e1f2a3b4c5d,174043.556939367
2025-02-10,a1b2c3d4-e5f6-4a7b-8c9d-0e1f2a3b4c5d,178044.14112968562
2025-02-17,a1b2c3d4-e5f6-4a7b-8c9d-0e1f2a3b4c5d,172634.66637189887
2025-02-24,a1b2c3d4-e5f6-4a7b-8c9d-0e1f2a3b4c5d,180870.0051875376
2025-03-03,a1b2c3d4-e5f6-4a7b-8c9d-0e1f2a3b4c5d,186709.35166599153
2025-03-10,a1b2c3d4-e5f6-4a7b-8c9d-0e1f2a3b4c5d,188413.85153692157
2025-03-17,a1b2c3d4-e5f6-4a7b-8c9d-0e1f2a3b4c5d,197006.61593201745
2025-03-24,a1b2c3d4-e5f6-4a7b-8c9d-0e1f2a3b4c5d,203432.155823888
2025-03-31,a1b2c3d4-e5f6-4a7b-8c9d-0e1f2a3b4c5d,206020.007458119
2025-04-07,a1b2c3d4-e5f6-4a7b-8c9d-0e1f2a3b4c5d,205671.86720992642
2025-04-14,a1b2c3d4-e5f6-4a7b-8c9d-0e1f2a3b4c5d,204690.60001583293
2025-04-21,a1b2c3d4-e5f6-4a7b-8c9d-0e1f2a3b4c5d,200831.99090263172
2025-04-28,a1b2c3d4-e5f6-4a7b-8c9d-0e1f2a3b4c5d,198862.48805980213
2025-05-05,a1b2c3d4-e5f6-4a7b-8c9d-0e1f2a3b4c5d,191251.10278996776
2025-05-12,a1b2c3d4-e5f6-4a7b-8c9d-0e1f2a3b4c5d,200639.086313879
2025-05-19,a1b2c3d4-e5f6-4a7b-8c9d-0e1f2a3b4c5d,200446.83861100854
2025-05-26,a1b2c3d4-e5f6-4a7b-8c9d-0e1f2a3b4c5d,196609.67158964684
2025-06-02,a1b2c3d4-e5f6-4a7b-8c9d-0e1f2a3b4c5d,191542.4727864106
2025-06-09,a1b2c3d4-e5f6-4a7b-8c9d-0e1f2a3b4c5d,184788.36588087754
2025-06-16,a1b2c3d4-e5f6-4a7b-8c9d-0e1f2a3b4c5d,193974.87687288743
2025-06-23,a1b2c3d4-e5f6-4a7b-8c9d-0e1f2a3b4c5d,190999.7645601676
2025-06-30,a1b2c3d4-e5f6-4a7b-8c9d-0e1f2a3b4c5d,198327.1140461184
2025-07-07,a1b2c3d4-e5f6-4a7b-8c9d-0e1f2a3b4c5d,190833.65991836294
2025-07-14,a1b2c3d4-e5f6-4a7b-8c9d-0e1f2a3b4c5d,192457.19900831807
2025-07-21,a1b2c3d4-e5f6-4a7b-8c9d-0e1f2a3b4c5d,188794.49845201647
2025-07-28,a1b2c3d4-e5f6-4a7b-8c9d-0e1f2a3b4c5d,191924.74694644084
2025-08-04,a1b2c3d4-e5f6-4a7b-8c9d-0e1f2a3b4c5d,184122.9072039422
2025-08-11,a1b2c3d4-e5f6-4a7b-8c9d-0e1f2a3b4c5d,181055.35958493393
2025-08-18,a1b2c3d4-e5f6-4a7b-8c9d-0e1f2a3b4c5d,189853.70330373987
2025-08-25,a1b2c3d4-e5f6-4a7b-8c9d-0e1f2a3b4c5d,195007.76020267804
2025-09-01,a1b2c3d4-e5f6-4a7b-8c9d-0e1f2a3b4c5d,199145.40497683297
2025-09-08,a1b2c3d4-e5f6-4a7b-8c9d-0e1f2a3b4c5d,205648.65384156586
2025-09-15,a1b2c3d4-e5f6-4a7b-8c9d-0e1f2a3b4c5d,207885.86194963605
2025-09-22,a1b2c3d4-e5f6-4a7b-8c9d-0e1f2a3b4c5d,213157.6070773165
2025-09-29,a1b2c3d4-e5f6-4a7b-8c9d-0e1f2a3b4c5d,221590.63450193597
2025-10-06,a1b2c3d4-e5f6-4a7b-8c9d-0e1f2a3b4c5d,224099.22112098924
2025-10-13,a1b2c3d4-e5f6-4a7b-8c9d-0e1f2a3b4c5d,214069.68034234174
2025-10-20,a1b2c3d4-e5f6-4a7b-8c9d-0e1f2a3b4c5d,214681.0312989221
2025-10-27,a1b2c3d4-e5f6-4a7b-8c9d-0e1f2a3b4c5d,211555.5163498651
2025-11-03,a1b2c3d4-e5f6-4a7b-8c9d-0e1f2a3b4c5d,208520.64032552144
2025-11-10,a1b2c3d4-e5f6-4a7b-8c9d-0e1f2a3b4c5d,211795.1075963695
2025-11-17,a1b2c3d4-e5f6-4a7b-8c9d-0e1f2a3b4c5d,217942.28719005693
2025-11-24,a1b2c3d4-e5f6-4a7b-8c9d-0e1f2a3b4c5d,210298.15648602782
2025-12-01,a1b2c3d4-e5f6-4a7b-8c9d-0e1f2a3b4c5d,215378.55628777546
2025-12-08,a1b2c3d4-e5f6-4a7b-8c9d-0e1f2a3b4c5d,223244.25376778803
2025-12-15,a1b2c3d4-e5f6-4a7b-8c9d-0e1f2a3b4c5d,215051.88039820056
2025-12-22,a1b2c3d4-e5f6-4a7b-8c9d-0e1f2a3b4c5d,215371.38325204083
2025-12-29,a1b2c3d4-e5f6-4a7b-8c9d-0e1f2a3b4c5d,224300.87128069915
2025-01-06,b2c3d4e5-f6a7-4b8c-9d0e-1f2a3b4c5d6e,99469.31890180029
2025-01-13,b2c3d4e5-f6a7-4b8c-9d0e-1f2a3b4c5d6e,96700.7825097925
2025-01-20,b2c3d4e5-f6a7-4b8c-9d0e-1f2a3b4c5d6e,97740.91981558854
2025-01-27,b2c3d4e5-f6a7-4b8c-9d0e-1f2a3b4c5d6e,97639.02633791762
2025-02-03,b2c3d4e5-f6a7-4b8c-9d0e-1f2a3b4c5d6e,100452.47924167853
2025-02-10,b2c3d4e5-f6a7-4b8c-9d0e-1f2a3b4c5d6e,96782.5278186965
2025-02-17,b2c3d4e5-f6a7-4b8c-9d0e-1f2a3b4c5d6e,98152.82048492316
2025-02-24,b2c3d4e5-f6a7-4b8c-9d0e-1f2a3b4c5d6e,98331.14341817095
2025-03-03,b2c3d4e5-f6a7-4b8c-9d0e-1f2a3b4c5d6e,100370.38406539416
2025-03-10,b2c3d4e5-f6a7-4b8c-9d0e-1f2a3b4c5d6e,98721.8031046201
2025-03-17,b2c3d4e5-f6a7-4b8c-9d0e-1f2a3b4c5d6e,100414.62891946429
2025-03-24,b2c3d4e5-f6a7-4b8c-9d0e-1f2a3b4c5d6e,96062.6328134437
2025-03-31,b2c3d4e5-f6a7-4b8c-9d0e-1f2a3b4c5d6e,91406.38000292088
2025-04-07,b2c3d4e5-f6a7-4b8c-9d0e-1f2a3b4c5d6e,94723.5607944588
2025-04-14,b2c3d4e5-f6a7-4b8c-9d0e-1f2a3b4c5d6e,97959.82143169545
2025-04-21,b2c3d4e5-f6a7-4b8c-9d0e-1f2a3b4c5d6e,99022.26170009881
2025-04-28,b2c3d4e5-f6a7-4b8c-9d0e-1f2a3b4c5d6e,97558.31805512834
2025-05-05,b2c3d4e5-f6a7-4b8c-9d0e-1f2a3b4c5d6e,95435.69575504157
2025-05-12,b2c3d4e5-f6a7-4b8c-9d0e-1f2a3b4c5d6e,92826.37666516697
2025-05-19,b2c3d4e5-f6a7-4b8c-9d0e-1f2a3b4c5d6e,94776.25849993996
2025-05-26,b2c3d4e5-f6a7-4b8c-9d0e-1f2a3b4c5d6e,95672.53621075251
2025-06-02,b2c3d4e5-f6a7-4b8c-9d0e-1f2a3b4c5d6e,94644.31173205536
2025-06-09,b2c3d4e5-f6a7-4b8c-9d0e-1f2a3b4c5d6e,91828.23852377033
2025-06-16,b2c3d4e5-f6a7-4b8c-9d0e-1f2a3b4c5d6e,89289.15231162173
2025-06-23,b2c3d4e5-f6a7-4b8c-9d0e-1f2a3b4c5d6e,90041.94705258199
2025-06-30,b2c3d4e5-f6a7-4b8c-9d0e-1f2a3b4c5d6e,90644.78497555025
2025-07-07,b2c3d4e5-f6a7-4b8c-9d0e-1f2a3b4c5d6e,90962.2783107941
2025-07-14,b2c3d4e5-f6a7-4b8c-9d0e-1f2a3b4c5d6e,91096.2939735377
2025-07-21,b2c3d4e5-f6a7-4b8c-9d0e-1f2a3b4c5d6e,90588.68914786875
2025-07-28,b2c3d4e5-f6a7-4b8c-9d0e-1f2a3b4c5d6e,93285.97257439795
2025-08-04,b2c3d4e5-f6a7-4b8c-9d0e-1f2a3b4c5d6e,90039.71117872206
2025-08-11,b2c3d4e5-f6a7-4b8c-9d0e-1f2a3b4c5d6e,88973.93534399215
2025-08-18,b2c3d4e5-f6a7-4b8c-9d0e-1f2a3b4c5d6e,89818.86027812393
2025-08-25,b2c3d4e5-f6a7-4b8c-9d0e-1f2a3b4c5d6e,90223.2733709995
2025-09-01,b2c3d4e5-f6a7-4b8c-9d0e-1f2a3b4c5d6e,86955.72544630135
2025-09-08,b2c3d4e5-f6a7-4b8c-9d0e-1f2a3b4c5d6e,85824.84376512478
2025-09-15,b2c3d4e5-f6a7-4b8c-9d0e-1f2a3b4c5d6e,87803.87737352753
2025-09-22,b2c3d4e5-f6a7-4b8c-9d0e-1f2a3b4c5d6e,87306.56347041877
2025-09-29,b2c3d4e5-f6a7-4b8c-9d0e-1f2a3b4c5d6e,84692.47368961458
2025-10-06,b2c3d4e5-f6a7-4b8c-9d0e-1f2a3b4c5d6e,84549.1492952401
2025-10-13,b2c3d4e5-f6a7-4b8c-9d0e-1f2a3b4c5d6e,88354.6013289797
2025-10-20,b2c3d4e5-f6a7-4b8c-9d0e-1f2a3b4c5d6e,89506.09999928919
2025-10-27,b2c3d4e5-f6a7-4b8c-9d0e-1f2a3b4c5d6e,85476.11176680557
2025-11-03,b2c3d4e5-f6a7-4b8c-9d0e-1f2a3b4c5d6e,87633.42139536272
2025-11-10,b2c3d4e5-f6a7-4b8c-9d0e-1f2a3b4c5d6e,88671.19116291493
2025-11-17,b2c3d4e5-f6a7-4b8c-9d0e-1f2a3b4c5d6e,89273.9308866166
2025-11-24,b2c3d4e5-f6a7-4b8c-9d0e-1f2a3b4c5d6e,87091.79653245411
2025-12-01,b2c3d4e5-f6a7-4b8c-9d0e-1f2a3b4c5d6e,86356.21263773668
2025-12-08,b2c3d4e5-f6a7-4b8c-9d0e-1f2a3b4c5d6e,84347.48456459025
2025-12-15,b2c3d4e5-f6a7-4b8c-9d0e-1f2a3b4c5d6e,80422.25330986679
2025-12-22,b2c3d4e5-f6a7-4b8c-9d0e-1f2a3b4c5d6e,82132.06945338068
2025-12-29,b2c3d4e5-f6a7-4b8c-9d0e-1f2a3b4c5d6e,78147.15857402975
2025-01-06,c3d4e5f6-a7b8-4c9d-0e1f-2a3b4c5d6e7f,275051.7906576565
2025-01-13,c3d4e5f6-a7b8-4c9d-0e1f-2a3b4c5d6e7f,282170.0113346418
2025-01-20,c3d4e5f6-a7b8-4c9d-0e1f-2a3b4c5d6e7f,292850.64438833715
2025-01-27,c3d4e5f6-a7b8-4c9d-0e1f-2a3b4c5d6e7f,299268.90483326366
2025-02-03,c3d4e5f6-a7b8-4c9d-0e1f-2a3b4c5d6e7f,299876.0591082865
2025-02-10,c3d4e5f6-a7b8-4c9d-0e1f-2a3b4c5d6e7f,302488.66461603215
2025-02-17,c3d4e5f6-a7b8-4c9d-0e1f-2a3b4c5d6e7f,314484.74613836565
2025-02-24,c3d4e5f6-a7b8-4c9d-0e1f-2a3b4c5d6e7f,320253.11709654756
2025-03-03,c3d4e5f6-a7b8-4c9d-0e1f-2a3b4c5d6e7f,329215.14975210227
2025-03-10,c3d4e5f6-a7b8-4c9d-0e1f-2a3b4c5d6e7f,315480.1387443632
2025-03-17,c3d4e5f6-a7b8-4c9d-0e1f-2a3b4c5d6e7f,314612.2916849615
2025-03-24,c3d4e5f6-a7b8-4c9d-0e1f-2a3b4c5d6e7f,313315.11602036806
2025-03-31,c3d4e5f6-a7b8-4c9d-0e1f-2a3b4c5d6e7f,305303.45609523676
2025-04-07,c3d4e5f6-a7b8-4c9d-0e1f-2a3b4c5d6e7f,304209.8847451925
2025-04-14,c3d4e5f6-a7b8-4c9d-0e1f-2a3b4c5d6e7f,319231.6529945649
2025-04-21,c3d4e5f6-a7b8-4c9d-0e1f-2a3b4c5d6e7f,308283.75649471476
2025-04-28,c3d4e5f6-a7b8-4c9d-0e1f-2a3b4c5d6e7f,310697.4478508804
2025-05-05,c3d4e5f6-a7b8-4c9d-0e1f-2a3b4c5d6e7f,322050.28461374866
2025-05-12,c3d4e5f6-a7b8-4c9d-0e1f-2a3b4c5d6e7f,314195.12356363
2025-05-19,c3d4e5f6-a7b8-4c9d-0e1f-2a3b4c5d6e7f,319272.7221957365
2025-05-26,c3d4e5f6-a7b8-4c9d-0e1f-2a3b4c5d6e7f,324192.09140707704
2025-06-02,c3d4e5f6-a7b8-4c9d-0e1f-2a3b4c5d6e7f,334025.29235317855
2025-06-09,c3d4e5f6-a7b8-4c9d-0e1f-2a3b4c5d6e7f,345042.7785730484
2025-06-16,c3d4e5f6-a7b8-4c9d-0e1f-2a3b4c5d6e7f,339624.64233022736
2025-06-23,c3d4e5f6-a7b8-4c9d-0e1f-2a3b4c5d6e7f,340444.3249666092
2025-06-30,c3d4e5f6-a7b8-4c9d-0e1f-2a3b4c5d6e7f,342829.00624024915
2025-07-07,c3d4e5f6-a7b8-4c9d-0e1f-2a3b4c5d6e7f,344248.72261555016
2025-07-14,c3d4e5f6-a7b8-4c9d-0e1f-2a3b4c5d6e7f,336684.3414212369
2025-07-21,c3d4e5f6-a7b8-4c9d-0e1f-2a3b4c5d6e7f,339202.74467506504
2025-07-28,c3d4e5f6-a7b8-4c9d-0e1f-2a3b4c5d6e7f,346451.0121389569
2025-08-04,c3d4e5f6-a7b8-4c9d-0e1f-2a3b4c5d6e7f,341447.63319524314
2025-08-11,c3d4e5f6-a7b8-4c9d-0e1f-2a3b4c5d6e7f,328559.97031952225
2025-08-18,c3d4e5f6-a7b8-4c9d-0e1f-2a3b4c5d6e7f,322644.1417663028
2025-08-25,c3d4e5f6-a7b8-4c9d-0e1f-2a3b4c5d6e7f,320495.9482976264
2025-09-01,c3d4e5f6-a7b8-4c9d-0e1f-2a3b4c5d6e7f,310354.2126994462
2025-09-08,c3d4e5f6-a7b8-4c9d-0e1f-2a3b4c5d6e7f,306031.29442863923
2025-09-15,c3d4e5f6-a7b8-4c9d-0e1f-2a3b4c5d6e7f,317015.0764893063
2025-09-22,c3d4e5f6-a7b8-4c9d-0e1f-2a3b4c5d6e7f,317031.230829162
2025-09-29,c3d4e5f6-a7b8-4c9d-0e1f-2a3b4c5d6e7f,325627.4865119676
2025-10-06,c3d4e5f6-a7b8-4c9d-0e1f-2a3b4c5d6e7f,312058.88518044946
2025-10-13,c3d4e5f6-a7b8-4c9d-0e1f-2a3b4c5d6e7f,305476.00974479166
2025-10-20,c3d4e5f6-a7b8-4c9d-0e1f-2a3b4c5d6e7f,301341.9621984832
2025-10-27,c3d4e5f6-a7b8-4c9d-0e1f-2a3b4c5d6e7f,309411.2207461111
2025-11-03,c3d4e5f6-a7b8-4c9d-0e1f-2a3b4c5d6e7f,310715.4158063115
2025-11-10,c3d4e5f6-a7b8-4c9d-0e1f-2a3b4c5d6e7f,323477.67103015434
2025-11-17,c3d4e5f6-a7b8-4c9d-0e1f-2a3b4c5d6e7f,323984.2179318585
2025-11-24,c3d4e5f6-a7b8-4c9d-0e1f-2a3b4c5d6e7f,314387.02746952994
2025-12-01,c3d4e5f6-a7b8-4c9d-0e1f-2a3b4c5d6e7f,324128.61558366154
2025-12-08,c3d4e5f6-a7b8-4c9d-0e1f-2a3b4c5d6e7f,315845.576273635
2025-12-15,c3d4e5f6-a7b8-4c9d-0e1f-2a3b4c5d6e7f,326879.91471212864
2025-12-22,c3d4e5f6-a7b8-4c9d-0e1f-2a3b4c5d6e7f,311105.89150911063
2025-12-29,c3d4e5f6-a7b8-4c9d-0e1f-2a3b4c5d6e7f,299718.0782969032
2025-01-06,d4e5f6a7-b8c9-4d0e-1f2a-3b4c5d6e7f8a,155697.8455346461
2025-01-13,d4e5f6a7-b8c9-4d0e-1f2a-3b4c5d6e7f8a,160833.12339179954
2025-01-20,d4e5f6a7-b8c9-4d0e-1f2a-3b4c5d6e7f8a,156645.63093191342
2025-01-27,d4e5f6a7-b8c9-4d0e-1f2a-3b4c5d6e7f8a,155863.34711940438
2025-02-03,d4e5f6a7-b8c9-4d0e-1f2a-3b4c5d6e7f8a,150226.04788876532
2025-02-10,d4e5f6a7-b8c9-4d0e-1f2a-3b4c5d6e7f8a,156560.12441868402
2025-02-17,d4e5f6a7-b8c9-4d0e-1f2a-3b4c5d6e7f8a,163944.90240701355
2025-02-24,d4e5f6a7-b8c9-4d0e-1f2a-3b4c5d6e7f8a,165409.41850589568
2025-03-03,d4e5f6a7-b8c9-4d0e-1f2a-3b4c5d6e7f8a,164966.05968229976
2025-03-10,d4e5f6a7-b8c9-4d0e-1f2a-3b4c5d6e7f8a,171363.18664999027
2025-03-17,d4e5f6a7-b8c9-4d0e-1f2a-3b4c5d6e7f8a,165195.17653018323
2025-03-24,d4e5f6a7-b8c9-4d0e-1f2a-3b4c5d6e7f8a,171082.8558001567
2025-03-31,d4e5f6a7-b8c9-4d0e-1f2a-3b4c5d6e7f8a,177318.07048046603
2025-04-07,d4e5f6a7-b8c9-4d0e-1f2a-3b4c5d6e7f8a,182147.0725541543
2025-04-14,d4e5f6a7-b8c9-4d0e-1f2a-3b4c5d6e7f8a,177271.54363255342
2025-04-21,d4e5f6a7-b8c9-4d0e-1f2a-3b4c5d6e7f8a,174907.35077543466
2025-04-28,d4e5f6a7-b8c9-4d0e-1f2a-3b4c5d6e7f8a,179005.53853023206
2025-05-05,d4e5f6a7-b8c9-4d0e-1f2a-3b4c5d6e7f8a,175813.8781309911
2025-05-12,d4e5f6a7-b8c9-4d0e-1f2a-3b4c5d6e7f8a,177595.8005698772
2025-05-19,d4e5f6a7-b8c9-4d0e-1f2a-3b4c5d6e7f8a,184129.11834124711
2025-05-26,d4e5f6a7-b8c9-4d0e-1f2a-3b4c5d6e7f8a,180938.7474655589
2025-06-02,d4e5f6a7-b8c9-4d0e-1f2a-3b4c5d6e7f8a,188967.47438749092
2025-06-09,d4e5f6a7-b8c9-4d0e-1f2a-3b4c5d6e7f8a,184962.98819205468
2025-06-16,d4e5f6a7-b8c9-4d0e-1f2a-3b4c5d6e7f8a,185222.80329445135
2025-06-23,d4e5f6a7-b8c9-4d0e-1f2a-3b4c5d6e7f8a,183906.27544055987
2025-06-30,d4e5f6a7-b8c9-4d0e-1f2a-3b4c5d6e7f8a,184450.31910486254
2025-07-07,d4e5f6a7-b8c9-4d0e-1f2a-3b4c5d6e7f8a,188038.40962863754
2025-07-14,d4e5f6a7-b8c9-4d0e-1f2a-3b4c5d6e7f8a,180375.02162618647
2025-07-21,d4e5f6a7-b8c9-4d0e-1f2a-3b4c5d6e7f8a,185658.91367380883
2025-07-28,d4e5f6a7-b8c9-4d0e-1f2a-3b4c5d6e7f8a,176788.55700088196
2025-08-04,d4e5f6a7-b8c9-4d0e-1f2a-3b4c5d6e7f8a,177267.19562709768
2025-08-11,d4e5f6a7-b8c9-4d0e-1f2a-3b4c5d6e7f8a,185645.73681938334
2025-08-18,d4e5f6a7-b8c9-4d0e-1f2a-3b4c5d6e7f8a,192934.05858503567
2025-08-25,d4e5f6a7-b8c9-4d0e-1f2a-3b4c5d6e7f8a,191100.80480201993
2025-09-01,d4e5f6a7-b8c9-4d0e-1f2a-3b4c5d6e7f8a,184862.97202909374
2025-09-08,d4e5f6a7-b8c9-4d0e-1f2a-3b4c5d6e7f8a,178141.97317938885
2025-09-15,d4e5f6a7-b8c9-4d0e-1f2a-3b4c5d6e7f8a,177907.7991584978
2025-09-22,d4e5f6a7-b8c9-4d0e-1f2a-3b4c5d6e7f8a,178434.99655321
2025-09-29,d4e5f6a7-b8c9-4d0e-1f2a-3b4c5d6e7f8a,171119.33841266247
2025-10-06,d4e5f6a7-b8c9-4d0e-1f2a-3b4c5d6e7f8a,175635.43566020415
2025-10-13,d4e5f6a7-b8c9-4d0e-1f2a-3b4c5d6e7f8a,172741.93623299446
2025-10-20,d4e5f6a7-b8c9-4d0e-1f2a-3b4c5d6e7f8a,176442.67125397656
2025-10-27,d4e5f6a7-b8c9-4d0e-1f2a-3b4c5d6e7f8a,181429.49660939423
2025-11-03,d4e5f6a7-b8c9-4d0e-1f2a-3b4c5d6e7f8a,189568.3188654896
2025-11-10,d4e5f6a7-b8c9-4d0e-1f2a-3b4c5d6e7f8a,192928.2401114446
2025-11-17,d4e5f6a7-b8c9-4d0e-1f2a-3b4c5d6e7f8a,183363.4312587618
2025-11-24,d4e5f6a7-b8c9-4d0e-1f2a-3b4c5d6e7f8a,184067.25051959322
2025-12-01,d4e5f6a7-b8c9-4d0e-1f2a-3b4c5d6e7f8a,184410.5428091351
2025-12-08,d4e5f6a7-b8c9-4d0e-1f2a-3b4c5d6e7f8a,178016.2348837633
2025-12-15,d4e5f6a7-b8c9-4d0e-1f2a-3b4c5d6e7f8a,186769.72536484816
2025-12-22,d4e5f6a7-b8c9-4d0e-1f2a-3b4c5d6e7f8a,177654.31346343204
2025-12-29,d4e5f6a7-b8c9-4d0e-1f2a-3b4c5d6e7f8a,170473.32795762672
2025-01-06,e5f6a7b8-c9d0-4e1f-2a3b-4c5d6e7f8a9b,123530.25321773285
2025-01-13,e5f6a7b8-c9d0-4e1f-2a3b-4c5d6e7f8a9b,125031.5787931074
2025-01-20,e5f6a7b8-c9d0-4e1f-2a3b-4c5d6e7f8a9b,123085.42915391146
2025-01-27,e5f6a7b8-c9d0-4e1f-2a3b-4c5d6e7f8a9b,118733.18420713015
2025-02-03,e5f6a7b8-c9d0-4e1f-2a3b-4c5d6e7f8a9b,114564.0378240035
2025-02-10,e5f6a7b8-c9d0-4e1f-2a3b-4c5d6e7f8a9b,118770.01365409793
2025-02-17,e5f6a7b8-c9d0-4e1f-2a3b-4c5d6e7f8a9b,123672.38166744229
2025-02-24,e5f6a7b8-c9d0-4e1f-2a3b-4c5d6e7f8a9b,125652.33406261895
2025-03-03,e5f6a7b8-c9d0-4e1f-2a3b-4c5d6e7f8a9b,129585.78530482462
2025-03-10,e5f6a7b8-c9d0-4e1f-2a3b-4c5d6e7f8a9b,136050.15128010476
2025-03-17,e5f6a7b8-c9d0-4e1f-2a3b-4c5d6e7f8a9b,137887.77813962245
2025-03-24,e5f6a7b8-c9d0-4e1f-2a3b-4c5d6e7f8a9b,141959.51816253475
2025-03-31,e5f6a7b8-c9d0-4e1f-2a3b-4c5d6e7f8a9b,147324.98078704733
2025-04-07,e5f6a7b8-c9d0-4e1f-2a3b-4c5d6e7f8a9b,149722.59690181367
2025-04-14,e5f6a7b8-c9d0-4e1f-2a3b-4c5d6e7f8a9b,152879.24883680185
2025-04-21,e5f6a7b8-c9d0-4e1f-2a3b-4c5d6e7f8a9b,154732.74101559175
2025-04-28,e5f6a7b8-c9d0-4e1f-2a3b-4c5d6e7f8a9b,159210.16257467392
2025-05-05,e5f6a7b8-c9d0-4e1f-2a3b-4c5d6e7f8a9b,154101.92760940932
2025-05-12,e5f6a7b8-c9d0-4e1f-2a3b-4c5d6e7f8a9b,156290.9109089985
2025-05-19,e5f6a7b8-c9d0-4e1f-2a3b-4c5d6e7f8a9b,156798.69022293188
2025-05-26,e5f6a7b8-c9d0-4e1f-2a3b-4c5d6e7f8a9b,150095.36571848462
2025-06-02,e5f6a7b8-c9d0-4e1f-2a3b-4c5d6e7f8a9b,151741.3230473717
2025-06-09,e5f6a7b8-c9d0-4e1f-2a3b-4c5d6e7f8a9b,158020.93907320328
2025-06-16,e5f6a7b8-c9d0-4e1f-2a3b-4c5d6e7f8a9b,155080.99874901303
2025-06-23,e5f6a7b8-c9d0-4e1f-2a3b-4c5d6e7f8a9b,149598.60037198148
2025-06-30,e5f6a7b8-c9d0-4e1f-2a3b-4c5d6e7f8a9b,151087.69906512945
2025-07-07,e5f6a7b8-c9d0-4e1f-2a3b-4c5d6e7f8a9b,145446.0509571205
2025-07-14,e5f6a7b8-c9d0-4e1f-2a3b-4c5d6e7f8a9b,144189.1418950305
2025-07-21,e5f6a7b8-c9d0-4e1f-2a3b-4c5d6e7f8a9b,146613.51113477838
2025-07-28,e5f6a7b8-c9d0-4e1f-2a3b-4c5d6e7f8a9b,147531.65009216263
2025-08-04,e5f6a7b8-c9d0-4e1f-2a3b-4c5d6e7f8a9b,147764.9914204056
2025-08-11,e5f6a7b8-c9d0-4e1f-2a3b-4c5d6e7f8a9b,142375.13269797826
2025-08-18,e5f6a7b8-c9d0-4e1f-2a3b-4c5d6e7f8a9b,143679.59507843768
2025-08-25,e5f6a7b8-c9d0-4e1f-2a3b-4c5d6e7f8a9b,149447.69394748053
2025-09-01,e5f6a7b8-c9d0-4e1f-2a3b-4c5d6e7f8a9b,154079.2848955154
2025-09-08,e5f6a7b8-c9d0-4e1f-2a3b-4c5d6e7f8a9b,152366.8261166845
2025-09-15,e5f6a7b8-c9d0-4e1f-2a3b-4c5d6e7f8a9b,152433.668866788
2025-09-22,e5f6a7b8-c9d0-4e1f-2a3b-4c5d6e7f8a9b,159852.96310329236
2025-09-29,e5f6a7b8-c9d0-4e1f-2a3b-4c5d6e7f8a9b,167321.57386462935
2025-10-06,e5f6a7b8-c9d0-4e1f-2a3b-4c5d6e7f8a9b,171819.94531398194
2025-10-13,e5f6a7b8-c9d0-4e1f-2a3b-4c5d6e7f8a9b,165841.4603013536
2025-10-20,e5f6a7b8-c9d0-4e1f-2a3b-4c5d6e7f8a9b,166054.237257518
2025-10-27,e5f6a7b8-c9d0-4e1f-2a3b-4c5d6e7f8a9b,162403.2429892137
2025-11-03,e5f6a7b8-c9d0-4e1f-2a3b-4c5d6e7f8a9b,166163.04627694818
2025-11-10,e5f6a7b8-c9d0-4e1f-2a3b-4c5d6e7f8a9b,159551.25924643406
2025-11-17,e5f6a7b8-c9d0-4e1f-2a3b-4c5d6e7f8a9b,153953.8593401814
2025-11-24,e5f6a7b8-c9d0-4e1f-2a3b-4c5d6e7f8a9b,157967.08008977858
2025-12-01,e5f6a7b8-c9d0-4e1f-2a3b-4c5d6e7f8a9b,163184.3204666884
2025-12-08,e5f6a7b8-c9d0-4e1f-2a3b-4c5d6e7f8a9b,169791.08703789214
2025-12-15,e5f6a7b8-c9d0-4e1f-2a3b-4c5d6e7f8a9b,170248.17808319727
2025-12-22,e5f6a7b8-c9d0-4e1f-2a3b-4c5d6e7f8a9b,168941.6279631807
2025-12-29,e5f6a7b8-c9d0-4e1f-2a3b-4c5d6e7f8a9b,164517.00407461094
2025-01-06,f6a7b8c9-d0e1-4f2a-3b4c-5d6e7f8a9b0c,506877.159133612
2025-01-13,f6a7b8c9-d0e1-4f2a-3b4c-5d6e7f8a9b0c,509787.1783295677
2025-01-20,f6a7b8c9-d0e1-4f2a-3b4c-5d6e7f8a9b0c,506304.9633969936
2025-01-27,f6a7b8c9-d0e1-4f2a-3b4c-5d6e7f8a9b0c,528324.3247782864
2025-02-03,f6a7b8c9-d0e1-4f2a-3b4c-5d6e7f8a9b0c,508859.38572861964
2025-02-10,f6a7b8c9-d0e1-4f2a-3b4c-5d6e7f8a9b0c,524253.0874235007
2025-02-17,f6a7b8c9-d0e1-4f2a-3b4c-5d6e7f8a9b0c,504090.39667389105
2025-02-24,f6a7b8c9-d0e1-4f2a-3b4c-5d6e7f8a9b0c,502964.4650221747
2025-03-03,f6a7b8c9-d0e1-4f2a-3b4c-5d6e7f8a9b0c,525496.9607818397
2025-03-10,f6a7b8c9-d0e1-4f2a-3b4c-5d6e7f8a9b0c,526111.2674316051
2025-03-17,f6a7b8c9-d0e1-4f2a-3b4c-5d6e7f8a9b0c,526107.1406692705
2025-03-24,f6a7b8c9-d0e1-4f2a-3b4c-5d6e7f8a9b0c,530867.5964883161
2025-03-31,f6a7b8c9-d0e1-4f2a-3b4c-5d6e7f8a9b0c,506073.98255058733
2025-04-07,f6a7b8c9-d0e1-4f2a-3b4c-5d6e7f8a9b0c,516604.093034202
2025-04-14,f6a7b8c9-d0e1-4f2a-3b4c-5d6e7f8a9b0c,502622.0946401304
2025-04-21,f6a7b8c9-d0e1-4f2a-3b4c-5d6e7f8a9b0c,526219.0405344841
2025-04-28,f6a7b8c9-d0e1-4f2a-3b4c-5d6e7f8a9b0c,528578.7431890802
2025-05-05,f6a7b8c9-d0e1-4f2a-3b4c-5d6e7f8a9b0c,503974.3295371881
2025-05-12,f6a7b8c9-d0e1-4f2a-3b4c-5d6e7f8a9b0c,508608.767389368
2025-05-19,f6a7b8c9-d0e1-4f2a-3b4c-5d6e7f8a9b0c,494469.0248259326
2025-05-26,f6a7b8c9-d0e1-4f2a-3b4c-5d6e7f8a9b0c,493851.02367919235
2025-06-02,f6a7b8c9-d0e1-4f2a-3b4c-5d6e7f8a9b0c,513398.35974915995
2025-06-09,f6a7b8c9-d0e1-4f2a-3b4c-5d6e7f8a9b0c,516717.954456108
2025-06-16,f6a7b8c9-d0e1-4f2a-3b4c-5d6e7f8a9b0c,502270.0760013849
2025-06-23,f6a7b8c9-d0e1-4f2a-3b4c-5d6e7f8a9b0c,478094.7376675297
2025-06-30,f6a7b8c9-d0e1-4f2a-3b4c-5d6e7f8a9b0c,461907.95162663487
2025-07-07,f6a7b8c9-d0e1-4f2a-3b4c-5d6e7f8a9b0c,444156.6979606034
2025-07-14,f6a7b8c9-d0e1-4f2a-3b4c-5d6e7f8a9b0c,430709.60958464927
2025-07-21,f6a7b8c9-d0e1-4f2a-3b4c-5d6e7f8a9b0c,449630.9062565734
2025-07-28,f6a7b8c9-d0e1-4f2a-3b4c-5d6e7f8a9b0c,443000.544760044
2025-08-04,f6a7b8c9-d0e1-4f2a-3b4c-5d6e7f8a9b0c,437180.17200393596
2025-08-11,f6a7b8c9-d0e1-4f2a-3b4c-5d6e7f8a9b0c,454471.5711218709
2025-08-18,f6a7b8c9-d0e1-4f2a-3b4c-5d6e7f8a9b0c,442942.7483019592
2025-08-25,f6a7b8c9-d0e1-4f2a-3b4c-5d6e7f8a9b0c,430375.451648295
2025-09-01,f6a7b8c9-d0e1-4f2a-3b4c-5d6e7f8a9b0c,425053.51627056627
2025-09-08,f6a7b8c9-d0e1-4f2a-3b4c-5d6e7f8a9b0c,438219.1249580289
2025-09-15,f6a7b8c9-d0e1-4f2a-3b4c-5d6e7f8a9b0c,453580.6476352729
2025-09-22,f6a7b8c9-d0e1-4f2a-3b4c-5d6e7f8a9b0c,431060.8047116489
2025-09-29,f6a7b8c9-d0e1-4f2a-3b4c-5d6e7f8a9b0c,409913.1398979986
2025-10-06,f6a7b8c9-d0e1-4f2a-3b4c-5d6e7f8a9b0c,408259.94250965904
2025-10-13,f6a7b8c9-d0e1-4f2a-3b4c-5d6e7f8a9b0c,398065.1340222607
2025-10-20,f6a7b8c9-d0e1-4f2a-3b4c-5d6e7f8a9b0c,390968.2841717435
2025-10-27,f6a7b8c9-d0e1-4f2a-3b4c-5d6e7f8a9b0c,393622.04179832485
2025-11-03,f6a7b8c9-d0e1-4f2a-3b4c-5d6e7f8a9b0c,377461.03962635226
2025-11-10,f6a7b8c9-d0e1-4f2a-3b4c-5d6e7f8a9b0c,370875.2203518887
2025-11-17,f6a7b8c9-d0e1-4f2a-3b4c-5d6e7f8a9b0c,380033.1905033132
2025-11-24,f6a7b8c9-d0e1-4f2a-3b4c-5d6e7f8a9b0c,386507.51321407896
2025-12-01,f6a7b8c9-d0e1-4f2a-3b4c-5d6e7f8a9b0c,384246.9225985896
2025-12-08,f6a7b8c9-d0e1-4f2a-3b4c-5d6e7f8a9b0c,371780.6776222805
2025-12-15,f6a7b8c9-d0e1-4f2a-3b4c-5d6e7f8a9b0c,373122.9014719467
2025-12-22,f6a7b8c9-d0e1-4f2a-3b4c-5d6e7f8a9b0c,374460.5610325038
2025-12-29,f6a7b8c9-d0e1-4f2a-3b4c-5d6e7f8a9b0c,373143.08243425837
2025-01-06,a7b8c9d0-e1f2-4a3b-4c5d-6e7f8a9b0c1d,454883.1580532345
2025-01-13,a7b8c9d0-e1f2-4a3b-4c5d-6e7f8a9b0c1d,465521.900418682
2025-01-20,a7b8c9d0-e1f2-4a3b-4c5d-6e7f8a9b0c1d,454985.5073021873
2025-01-27,a7b8c9d0-e1f2-4a3b-4c5d-6e7f8a9b0c1d,475449.10089483403
2025-02-03,a7b8c9d0-e1f2-4a3b-4c5d-6e7f8a9b0c1d,492262.55032603367
2025-02-10,a7b8c9d0-e1f2-4a3b-4c5d-6e7f8a9b0c1d,497735.49375608773
2025-02-17,a7b8c9d0-e1f2-4a3b-4c5d-6e7f8a9b0c1d,490156.8297045398
2025-02-24,a7b8c9d0-e1f2-4a3b-4c5d-6e7f8a9b0c1d,504680.10087681346
2025-03-03,a7b8c9d0-e1f2-4a3b-4c5d-6e7f8a9b0c1d,504620.2889354759
2025-03-10,a7b8c9d0-e1f2-4a3b-4c5d-6e7f8a9b0c1d,500418.2554526011
2025-03-17,a7b8c9d0-e1f2-4a3b-4c5d-6e7f8a9b0c1d,516717.56653118035
2025-03-24,a7b8c9d0-e1f2-4a3b-4c5d-6e7f8a9b0c1d,527061.3423916085
2025-03-31,a7b8c9d0-e1f2-4a3b-4c5d-6e7f8a9b0c1d,502540.0529399475
2025-04-07,a7b8c9d0-e1f2-4a3b-4c5d-6e7f8a9b0c1d,503660.5583918313
2025-04-14,a7b8c9d0-e1f2-4a3b-4c5d-6e7f8a9b0c1d,488276.66211715987
2025-04-21,a7b8c9d0-e1f2-4a3b-4c5d-6e7f8a9b0c1d,490093.3801069476
2025-04-28,a7b8c9d0-e1f2-4a3b-4c5d-6e7f8a9b0c1d,472946.89477525937
2025-05-05,a7b8c9d0-e1f2-4a3b-4c5d-6e7f8a9b0c1d,452014.3971762575
2025-05-12,a7b8c9d0-e1f2-4a3b-4c5d-6e7f8a9b0c1d,438187.23508504545
2025-05-19,a7b8c9d0-e1f2-4a3b-4c5d-6e7f8a9b0c1d,445959.51328591286
2025-05-26,a7b8c9d0-e1f2-4a3b-4c5d-6e7f8a9b0c1d,452645.6054844811
2025-06-02,a7b8c9d0-e1f2-4a3b-4c5d-6e7f8a9b0c1d,436916.3706649169
2025-06-09,a7b8c9d0-e1f2-4a3b-4c5d-6e7f8a9b0c1d,431787.70379360433
2025-06-16,a7b8c9d0-e1f2-4a3b-4c5d-6e7f8a9b0c1d,425801.1662311645
2025-06-23,a7b8c9d0-e1f2-4a3b-4c5d-6e7f8a9b0c1d,444622.8010644396
2025-06-30,a7b8c9d0-e1f2-4a3b-4c5d-6e7f8a9b0c1d,452165.8120769521
2025-07-07,a7b8c9d0-e1f2-4a3b-4c5d-6e7f8a9b0c1d,456821.55704521213
2025-07-14,a7b8c9d0-e1f2-4a3b-4c5d-6e7f8a9b0c1d,442763.6103643338
2025-07-21,a7b8c9d0-e1f2-4a3b-4c5d-6e7f8a9b0c1d,438945.0845131537
2025-07-28,a7b8c9d0-e1f2-4a3b-4c5d-6e7f8a9b0c1d,425902.63671399787
2025-08-04,a7b8c9d0-e1f2-4a3b-4c5d-6e7f8a9b0c1d,434681.77607336134
2025-08-11,a7b8c9d0-e1f2-4a3b-4c5d-6e7f8a9b0c1d,443494.47876378015
2025-08-18,a7b8c9d0-e1f2-4a3b-4c5d-6e7f8a9b0c1d,429270.23368621344
2025-08-25,a7b8c9d0-e1f2-4a3b-4c5d-6e7f8a9b0c1d,438843.00321299094
2025-09-01,a7b8c9d0-e1f2-4a3b-4c5d-6e7f8a9b0c1d,460068.1435287096
2025-09-08,a7b8c9d0-e1f2-4a3b-4c5d-6e7f8a9b0c1d,447869.7327807876
2025-09-15,a7b8c9d0-e1f2-4a3b-4c5d-6e7f8a9b0c1d,437643.8381672989
2025-09-22,a7b8c9d0-e1f2-4a3b-4c5d-6e7f8a9b0c1d,453394.5071162914
2025-09-29,a7b8c9d0-e1f2-4a3b-4c5d-6e7f8a9b0c1d,454949.0419831546
2025-10-06,a7b8c9d0-e1f2-4a3b-4c5d-6e7f8a9b0c1d,449122.41954518494
2025-10-13,a7b8c9d0-e1f2-4a3b-4c5d-6e7f8a9b0c1d,453921.97775194584
2025-10-20,a7b8c9d0-e1f2-4a3b-4c5d-6e7f8a9b0c1d,449079.0925315248
2025-10-27,a7b8c9d0-e1f2-4a3b-4c5d-6e7f8a9b0c1d,462553.8778746581
2025-11-03,a7b8c9d0-e1f2-4a3b-4c5d-6e7f8a9b0c1d,458205.1072975575
2025-11-10,a7b8c9d0-e1f2-4a3b-4c5d-6e7f8a9b0c1d,443797.1791017243
2025-11-17,a7b8c9d0-e1f2-4a3b-4c5d-6e7f8a9b0c1d,429110.2451563928
2025-11-24,a7b8c9d0-e1f2-4a3b-4c5d-6e7f8a9b0c1d,443351.1561666201
2025-12-01,a7b8c9d0-e1f2-4a3b-4c5d-6e7f8a9b0c1d,430549.04541307816
2025-12-08,a7b8c9d0-e1f2-4a3b-4c5d-6e7f8a9b0c1d,433476.1132784657
2025-12-15,a7b8c9d0-e1f2-4a3b-4c5d-6e7f8a9b0c1d,421806.70607914403
2025-12-22,a7b8c9d0-e1f2-4a3b-4c5d-6e7f8a9b0c1d,414685.95095991076
2025-12-29,a7b8c9d0-e1f2-4a3b-4c5d-6e7f8a9b0c1d,404021.46630122635
2025-01-06,b8c9d0e1-f2a3-4b4c-5d6e-7f8a9b0c1d2e,219625.7490772042
2025-01-13,b8c9d0e1-f2a3-4b4c-5d6e-7f8a9b0c1d2e,224483.0957292362
2025-01-20,b8c9d0e1-f2a3-4b4c-5d6e-7f8a9b0c1d2e,233565.53894214903
2025-01-27,b8c9d0e1-f2a3-4b4c-5d6e-7f8a9b0c1d2e,228045.18092463387
2025-02-03,b8c9d0e1-f2a3-4b4c-5d6e-7f8a9b0c1d2e,222889.29905185048
2025-02-10,b8c9d0e1-f2a3-4b4c-5d6e-7f8a9b0c1d2e,221431.7921564568
2025-02-17,b8c9d0e1-f2a3-4b4c-5d6e-7f8a9b0c1d2e,213500.13256413164
2025-02-24,b8c9d0e1-f2a3-4b4c-5d6e-7f8a9b0c1d2e,216564.72639558214
2025-03-03,b8c9d0e1-f2a3-4b4c-5d6e-7f8a9b0c1d2e,219597.10819933808
2025-03-10,b8c9d0e1-f2a3-4b4c-5d6e-7f8a9b0c1d2e,229280.1017807368
2025-03-17,b8c9d0e1-f2a3-4b4c-5d6e-7f8a9b0c1d2e,233625.2512177248
2025-03-24,b8c9d0e1-f2a3-4b4c-5d6e-7f8a9b0c1d2e,235039.3429643427
2025-03-31,b8c9d0e1-f2a3-4b4c-5d6e-7f8a9b0c1d2e,237261.62337807223
2025-04-07,b8c9d0e1-f2a3-4b4c-5d6e-7f8a9b0c1d2e,229264.10275073783
2025-04-14,b8c9d0e1-f2a3-4b4c-5d6e-7f8a9b0c1d2e,220629.30687049442
2025-04-21,b8c9d0e1-f2a3-4b4c-5d6e-7f8a9b0c1d2e,212135.50643672634
2025-04-28,b8c9d0e1-f2a3-4b4c-5d6e-7f8a9b0c1d2e,208109.09197752207
2025-05-05,b8c9d0e1-f2a3-4b4c-5d6e-7f8a9b0c1d2e,208239.06523902132
2025-05-12,b8c9d0e1-f2a3-4b4c-5d6e-7f8a9b0c1d2e,210259.71782560615
2025-05-19,b8c9d0e1-f2a3-4b4c-5d6e-7f8a9b0c1d2e,220628.58888528583
2025-05-26,b8c9d0e1-f2a3-4b4c-5d6e-7f8a9b0c1d2e,215855.79856460457
2025-06-02,b8c9d0e1-f2a3-4b4c-5d6e-7f8a9b0c1d2e,221428.1972874696
2025-06-09,b8c9d0e1-f2a3-4b4c-5d6e-7f8a9b0c1d2e,210659.9647857044
2025-06-16,b8c9d0e1-f2a3-4b4c-5d6e-7f8a9b0c1d2e,201820.85995996793
2025-06-23,b8c9d0e1-f2a3-4b4c-5d6e-7f8a9b0c1d2e,200798.74130933158
2025-06-30,b8c9d0e1-f2a3-4b4c-5d6e-7f8a9b0c1d2e,193579.65032897686
2025-07-07,b8c9d0e1-f2a3-4b4c-5d6e-7f8a9b0c1d2e,194917.0010738338
2025-07-14,b8c9d0e1-f2a3-4b4c-5d6e-7f8a9b0c1d2e,188676.08798068954
2025-07-21,b8c9d0e1-f2a3-4b4c-5d6e-7f8a9b0c1d2e,196153.9121853004
2025-07-28,b8c9d0e1-f2a3-4b4c-5d6e-7f8a9b0c1d2e,194955.68707045965
2025-08-04,b8c9d0e1-f2a3-4b4c-5d6e-7f8a9b0c1d2e,196023.843812336
2025-08-11,b8c9d0e1-f2a3-4b4c-5d6e-7f8a9b0c1d2e,204259.96916781462
2025-08-18,b8c9d0e1-f2a3-4b4c-5d6e-7f8a9b0c1d2e,206921.96511167934
2025-08-25,b8c9d0e1-f2a3-4b4c-5d6e-7f8a9b0c1d2e,212563.82149816136
2025-09-01,b8c9d0e1-f2a3-4b4c-5d6e-7f8a9b0c1d2e,220017.50160825584
2025-09-08,b8c9d0e1-f2a3-4b4c-5d6e-7f8a9b0c1d2e,225986.98833022857
2025-09-15,b8c9d0e1-f2a3-4b4c-5d6e-7f8a9b0c1d2e,223796.08846887882
2025-09-22,b8c9d0e1-f2a3-4b4c-5d6e-7f8a9b0c1d2e,222403.27867323518
2025-09-29,b8c9d0e1-f2a3-4b4c-5d6e-7f8a9b0c1d2e,228794.3850561488
2025-10-06,b8c9d0e1-f2a3-4b4c-5d6e-7f8a9b0c1d2e,227182.648791542
2025-10-13,b8c9d0e1-f2a3-4b4c-5d6e-7f8a9b0c1d2e,216510.19279429445
2025-10-20,b8c9d0e1-f2a3-4b4c-5d6e-7f8a9b0c1d2e,220140.4942868573
2025-10-27,b8c9d0e1-f2a3-4b4c-5d6e-7f8a9b0c1d2e,217162.9022827839
2025-11-03,b8c9d0e1-f2a3-4b4c-5d6e-7f8a9b0c1d2e,217595.1490585072
2025-11-10,b8c9d0e1-f2a3-4b4c-5d6e-7f8a9b0c1d2e,223589.90760352262
2025-11-17,b8c9d0e1-f2a3-4b4c-5d6e-7f8a9b0c1d2e,224335.34445226513
2025-11-24,b8c9d0e1-f2a3-4b4c-5d6e-7f8a9b0c1d2e,221713.53246845354
2025-12-01,b8c9d0e1-f2a3-4b4c-5d6e-7f8a9b0c1d2e,225410.94229609976
2025-12-08,b8c9d0e1-f2a3-4b4c-5d6e-7f8a9b0c1d2e,224628.6211751981
2025-12-15,b8c9d0e1-f2a3-4b4c-5d6e-7f8a9b0c1d2e,220701.65270534932
2025-12-22,b8c9d0e1-f2a3-4b4c-5d6e-7f8a9b0c1d2e,217127.69155451367
2025-12-29,b8c9d0e1-f2a3-4b4c-5d6e-7f8a9b0c1d2e,220435.39286349926
2025-01-06,c9d0e1f2-a3b4-4c5d-6e7f-8a9b0c1d2e3f,532876.7953772822
2025-01-13,c9d0e1f2-a3b4-4c5d-6e7f-8a9b0c1d2e3f,551475.8744451054
2025-01-20,c9d0e1f2-a3b4-4c5d-6e7f-8a9b0c1d2e3f,545459.1767250969
2025-01-27,c9d0e1f2-a3b4-4c5d-6e7f-8a9b0c1d2e3f,551450.772337491
2025-02-03,c9d0e1f2-a3b4-4c5d-6e7f-8a9b0c1d2e3f,558402.5677198677
2025-02-10,c9d0e1f2-a3b4-4c5d-6e7f-8a9b0c1d2e3f,530782.6027059666
2025-02-17,c9d0e1f2-a3b4-4c5d-6e7f-8a9b0c1d2e3f,513912.45376624836
2025-02-24,c9d0e1f2-a3b4-4c5d-6e7f-8a9b0c1d2e3f,532176.7150706215
2025-03-03,c9d0e1f2-a3b4-4c5d-6e7f-8a9b0c1d2e3f,536206.6757005857
2025-03-10,c9d0e1f2-a3b4-4c5d-6e7f-8a9b0c1d2e3f,518233.9300196136
2025-03-17,c9d0e1f2-a3b4-4c5d-6e7f-8a9b0c1d2e3f,520423.16503119183
2025-03-24,c9d0e1f2-a3b4-4c5d-6e7f-8a9b0c1d2e3f,536290.4588206317
2025-03-31,c9d0e1f2-a3b4-4c5d-6e7f-8a9b0c1d2e3f,555027.8374742337
2025-04-07,c9d0e1f2-a3b4-4c5d-6e7f-8a9b0c1d2e3f,541572.9004423202
2025-04-14,c9d0e1f2-a3b4-4c5d-6e7f-8a9b0c1d2e3f,521760.35056766897
2025-04-21,c9d0e1f2-a3b4-4c5d-6e7f-8a9b0c1d2e3f,498614.0936565804
2025-04-28,c9d0e1f2-a3b4-4c5d-6e7f-8a9b0c1d2e3f,484869.4992234171
2025-05-05,c9d0e1f2-a3b4-4c5d-6e7f-8a9b0c1d2e3f,470583.7765559729
2025-05-12,c9d0e1f2-a3b4-4c5d-6e7f-8a9b0c1d2e3f,477000.5333173952
2025-05-19,c9d0e1f2-a3b4-4c5d-6e7f-8a9b0c1d2e3f,492474.0091865014
2025-05-26,c9d0e1f2-a3b4-4c5d-6e7f-8a9b0c1d2e3f,488649.13792590925
2025-06-02,c9d0e1f2-a3b4-4c5d-6e7f-8a9b0c1d2e3f,487184.07938431983
2025-06-09,c9d0e1f2-a3b4-4c5d-6e7f-8a9b0c1d2e3f,496761.9679860242
2025-06-16,c9d0e1f2-a3b4-4c5d-6e7f-8a9b0c1d2e3f,516522.34665670886
2025-06-23,c9d0e1f2-a3b4-4c5d-6e7f-8a9b0c1d2e3f,492548.1577052898
2025-06-30,c9d0e1f2-a3b4-4c5d-6e7f-8a9b0c1d2e3f,476435.0896595599
2025-07-07,c9d0e1f2-a3b4-4c5d-6e7f-8a9b0c1d2e3f,492771.1541720838
2025-07-14,c9d0e1f2-a3b4-4c5d-6e7f-8a9b0c1d2e3f,470258.44969336357
2025-07-21,c9d0e1f2-a3b4-4c5d-6e7f-8a9b0c1d2e3f,486150.5919328708
2025-07-28,c9d0e1f2-a3b4-4c5d-6e7f-8a9b0c1d2e3f,510103.311478232
2025-08-04,c9d0e1f2-a3b4-4c5d-6e7f-8a9b0c1d2e3f,529152.6992689219
2025-08-11,c9d0e1f2-a3b4-4c5d-6e7f-8a9b0c1d2e3f,505066.84895760554
2025-08-18,c9d0e1f2-a3b4-4c5d-6e7f-8a9b0c1d2e3f,525513.983343137
2025-08-25,c9d0e1f2-a3b4-4c5d-6e7f-8a9b0c1d2e3f,502589.2228804771
2025-09-01,c9d0e1f2-a3b4-4c5d-6e7f-8a9b0c1d2e3f,503362.95503083285
2025-09-08,c9d0e1f2-a3b4-4c5d-6e7f-8a9b0c1d2e3f,479979.6360698487
2025-09-15,c9d0e1f2-a3b4-4c5d-6e7f-8a9b0c1d2e3f,482310.6253436854
2025-09-22,c9d0e1f2-a3b4-4c5d-6e7f-8a9b0c1d2e3f,461777.1077355773
2025-09-29,c9d0e1f2-a3b4-4c5d-6e7f-8a9b0c1d2e3f,480939.2090101177
2025-10-06,c9d0e1f2-a3b4-4c5d-6e7f-8a9b0c1d2e3f,473984.8517776776
2025-10-13,c9d0e1f2-a3b4-4c5d-6e7f-8a9b0c1d2e3f,454064.3624000219
2025-10-20,c9d0e1f2-a3b4-4c5d-6e7f-8a9b0c1d2e3f,448034.6871352846
2025-10-27,c9d0e1f2-a3b4-4c5d-6e7f-8a9b0c1d2e3f,443724.35569452646
2025-11-03,c9d0e1f2-a3b4-4c5d-6e7f-8a9b0c1d2e3f,425230.78570974
2025-11-10,c9d0e1f2-a3b4-4c5d-6e7f-8a9b0c1d2e3f,410845.1322175766
2025-11-17,c9d0e1f2-a3b4-4c5d-6e7f-8a9b0c1d2e3f,404841.0437460042
2025-11-24,c9d0e1f2-a3b4-4c5d-6e7f-8a9b0c1d2e3f,417890.6257012518
2025-12-01,c9d0e1f2-a3b4-4c5d-6e7f-8a9b0c1d2e3f,405617.6911729201
2025-12-08,c9d0e1f2-a3b4-4c5d-6e7f-8a9b0c1d2e3f,400487.72327157116
2025-12-15,c9d0e1f2-a3b4-4c5d-6e7f-8a9b0c1d2e3f,397975.1724658782
2025-12-22,c9d0e1f2-a3b4-4c5d-6e7f-8a9b0c1d2e3f,412711.39876060886
2025-12-29,c9d0e1f2-a3b4-4c5d-6e7f-8a9b0c1d2e3f,392953.93304748175
2025-01-06,d0e1f2a3-b4c5-4d6e-7f8a-9b0c1d2e3f4a,374072.38776335225
2025-01-13,d0e1f2a3-b4c5-4d6e-7f8a-9b0c1d2e3f4a,367402.5664067937
2025-01-20,d0e1f2a3-b4c5-4d6e-7f8a-9b0c1d2e3f4a,352292.2903475203
2025-01-27,d0e1f2a3-b4c5-4d6e-7f8a-9b0c1d2e3f4a,338428.155366382
2025-02-03,d0e1f2a3-b4c5-4d6e-7f8a-9b0c1d2e3f4a,324097.9271865722
2025-02-10,d0e1f2a3-b4c5-4d6e-7f8a-9b0c1d2e3f4a,331968.8196949258
2025-02-17,d0e1f2a3-b4c5-4d6e-7f8a-9b0c1d2e3f4a,337870.4704512325
2025-02-24,d0e1f2a3-b4c5-4d6e-7f8a-9b0c1d2e3f4a,328872.125246689
2025-03-03,d0e1f2a3-b4c5-4d6e-7f8a-9b0c1d2e3f4a,322288.4782710614
2025-03-10,d0e1f2a3-b4c5-4d6e-7f8a-9b0c1d2e3f4a,322158.80972241954
2025-03-17,d0e1f2a3-b4c5-4d6e-7f8a-9b0c1d2e3f4a,306323.3779419356
2025-03-24,d0e1f2a3-b4c5-4d6e-7f8a-9b0c1d2e3f4a,294323.7011665254
2025-03-31,d0e1f2a3-b4c5-4d6e-7f8a-9b0c1d2e3f4a,285950.50683787564
2025-04-07,d0e1f2a3-b4c5-4d6e-7f8a-9b0c1d2e3f4a,281701.69878342224
2025-04-14,d0e1f2a3-b4c5-4d6e-7f8a-9b0c1d2e3f4a,294482.306443742
2025-04-21,d0e1f2a3-b4c5-4d6e-7f8a-9b0c1d2e3f4a,298618.49462875107
2025-04-28,d0e1f2a3-b4c5-4d6e-7f8a-9b0c1d2e3f4a,290922.0984024475
2025-05-05,d0e1f2a3-b4c5-4d6e-7f8a-9b0c1d2e3f4a,302831.93348921253
2025-05-12,d0e1f2a3-b4c5-4d6e-7f8a-9b0c1d2e3f4a,312577.8350013457
2025-05-19,d0e1f2a3-b4c5-4d6e-7f8a-9b0c1d2e3f4a,307111.7462926723
2025-05-26,d0e1f2a3-b4c5-4d6e-7f8a-9b0c1d2e3f4a,304028.6504536596
2025-06-02,d0e1f2a3-b4c5-4d6e-7f8a-9b0c1d2e3f4a,302748.1730932563
2025-06-09,d0e1f2a3-b4c5-4d6e-7f8a-9b0c1d2e3f4a,304869.34930647607
2025-06-16,d0e1f2a3-b4c5-4d6e-7f8a-9b0c1d2e3f4a,318718.54195958143
2025-06-23,d0e1f2a3-b4c5-4d6e-7f8a-9b0c1d2e3f4a,325526.40547691024
2025-06-30,d0e1f2a3-b4c5-4d6e-7f8a-9b0c1d2e3f4a,311562.1411472103
2025-07-07,d0e1f2a3-b4c5-4d6e-7f8a-9b0c1d2e3f4a,320421.5032118722
2025-07-14,d0e1f2a3-b4c5-4d6e-7f8a-9b0c1d2e3f4a,317305.0009257218
2025-07-21,d0e1f2a3-b4c5-4d6e-7f8a-9b0c1d2e3f4a,329798.19459682354
2025-07-28,d0e1f2a3-b4c5-4d6e-7f8a-9b0c1d2e3f4a,333336.3062799258
2025-08-04,d0e1f2a3-b4c5-4d6e-7f8a-9b0c1d2e3f4a,337760.6636973579
2025-08-11,d0e1f2a3-b4c5-4d6e-7f8a-9b0c1d2e3f4a,323975.19495798904
2025-08-18,d0e1f2a3-b4c5-4d6e-7f8a-9b0c1d2e3f4a,308758.1480700149
2025-08-25,d0e1f2a3-b4c5-4d6e-7f8a-9b0c1d2e3f4a,310762.3081898435
2025-09-01,d0e1f2a3-b4c5-4d6e-7f8a-9b0c1d2e3f4a,311674.0082720382
2025-09-08,d0e1f2a3-b4c5-4d6e-7f8a-9b0c1d2e3f4a,317823.333183409
2025-09-15,d0e1f2a3-b4c5-4d6e-7f8a-9b0c1d2e3f4a,330970.32952353475
2025-09-22,d0e1f2a3-b4c5-4d6e-7f8a-9b0c1d2e3f4a,320976.8500115284
2025-09-29,d0e1f2a3-b4c5-4d6e-7f8a-9b0c1d2e3f4a,321800.89516390226
2025-10-06,d0e1f2a3-b4c5-4d6e-7f8a-9b0c1d2e3f4a,322194.8225714914
2025-10-13,d0e1f2a3-b4c5-4d6e-7f8a-9b0c1d2e3f4a,320000.13240922615
2025-10-20,d0e1f2a3-b4c5-4d6e-7f8a-9b0c1d2e3f4a,312517.56276723486
2025-10-27,d0e1f2a3-b4c5-4d6e-7f8a-9b0c1d2e3f4a,297970.79998594464
2025-11-03,d0e1f2a3-b4c5-4d6e-7f8a-9b0c1d2e3f4a,299304.65173602884
2025-11-10,d0e1f2a3-b4c5-4d6e-7f8a-9b0c1d2e3f4a,302854.55243634555
2025-11-17,d0e1f2a3-b4c5-4d6e-7f8a-9b0c1d2e3f4a,303477.0069124888
2025-11-24,d0e1f2a3-b4c5-4d6e-7f8a-9b0c1d2e3f4a,296057.98790626664
2025-12-01,d0e1f2a3-b4c5-4d6e-7f8a-9b0c1d2e3f4a,291856.65035043954
2025-12-08,d0e1f2a3-b4c5-4d6e-7f8a-9b0c1d2e3f4a,295500.9606598913
2025-12-15,d0e1f2a3-b4c5-4d6e-7f8a-9b0c1d2e3f4a,298445.59981683985
2025-12-22,d0e1f2a3-b4c5-4d6e-7f8a-9b0c1d2e3f4a,311182.19376101246
2025-12-29,d0e1f2a3-b4c5-4d6e-7f8a-9b0c1d2e3f4a,317754.431695316
2025-01-06,e1f2a3b4-c5d6-4e7f-8a9b-0c1d2e3f4a5b,632344.8050539857
2025-01-13,e1f2a3b4-c5d6-4e7f-8a9b-0c1d2e3f4a5b,611758.2684610948
2025-01-20,e1f2a3b4-c5d6-4e7f-8a9b-0c1d2e3f4a5b,615935.4608638488
2025-01-27,e1f2a3b4-c5d6-4e7f-8a9b-0c1d2e3f4a5b,624736.5099925352
2025-02-03,e1f2a3b4-c5d6-4e7f-8a9b-0c1d2e3f4a5b,654030.8120671982
2025-02-10,e1f2a3b4-c5d6-4e7f-8a9b-0c1d2e3f4a5b,655072.7966198318
2025-02-17,e1f2a3b4-c5d6-4e7f-8a9b-0c1d2e3f4a5b,673808.5949684231
2025-02-24,e1f2a3b4-c5d6-4e7f-8a9b-0c1d2e3f4a5b,695188.6033156434
2025-03-03,e1f2a3b4-c5d6-4e7f-8a9b-0c1d2e3f4a5b,674080.7445206416
2025-03-10,e1f2a3b4-c5d6-4e7f-8a9b-0c1d2e3f4a5b,657250.2847434268
2025-03-17,e1f2a3b4-c5d6-4e7f-8a9b-0c1d2e3f4a5b,658828.4718092567
2025-03-24,e1f2a3b4-c5d6-4e7f-8a9b-0c1d2e3f4a5b,673497.5907081955
2025-03-31,e1f2a3b4-c5d6-4e7f-8a9b-0c1d2e3f4a5b,687371.1975114854
2025-04-07,e1f2a3b4-c5d6-4e7f-8a9b-0c1d2e3f4a5b,665351.9613038101
2025-04-14,e1f2a3b4-c5d6-4e7f-8a9b-0c1d2e3f4a5b,664866.1829724708
2025-04-21,e1f2a3b4-c5d6-4e7f-8a9b-0c1d2e3f4a5b,692433.9063681873
2025-04-28,e1f2a3b4-c5d6-4e7f-8a9b-0c1d2e3f4a5b,663138.2258533585
2025-05-05,e1f2a3b4-c5d6-4e7f-8a9b-0c1d2e3f4a5b,691604.1854249656
2025-05-12,e1f2a3b4-c5d6-4e7f-8a9b-0c1d2e3f4a5b,659268.6963311229
2025-05-19,e1f2a3b4-c5d6-4e7f-8a9b-0c1d2e3f4a5b,688839.1228544759
2025-05-26,e1f2a3b4-c5d6-4e7f-8a9b-0c1d2e3f4a5b,665804.4136257546
2025-06-02,e1f2a3b4-c5d6-4e7f-8a9b-0c1d2e3f4a5b,679919.0440500784
2025-06-09,e1f2a3b4-c5d6-4e7f-8a9b-0c1d2e3f4a5b,679747.0881021501
2025-06-16,e1f2a3b4-c5d6-4e7f-8a9b-0c1d2e3f4a5b,707358.4340539578
2025-06-23,e1f2a3b4-c5d6-4e7f-8a9b-0c1d2e3f4a5b,728123.0251866775
2025-06-30,e1f2a3b4-c5d6-4e7f-8a9b-0c1d2e3f4a5b,722140.878866943
2025-07-07,e1f2a3b4-c5d6-4e7f-8a9b-0c1d2e3f4a5b,726463.7280659141
2025-07-14,e1f2a3b4-c5d6-4e7f-8a9b-0c1d2e3f4a5b,720957.7602575704
2025-07-21,e1f2a3b4-c5d6-4e7f-8a9b-0c1d2e3f4a5b,742902.5733171231
2025-07-28,e1f2a3b4-c5d6-4e7f-8a9b-0c1d2e3f4a5b,729148.3067909232
2025-08-04,e1f2a3b4-c5d6-4e7f-8a9b-0c1d2e3f4a5b,760798.9651169176
2025-08-11,e1f2a3b4-c5d6-4e7f-8a9b-0c1d2e3f4a5b,766744.3309710952
2025-08-18,e1f2a3b4-c5d6-4e7f-8a9b-0c1d2e3f4a5b,772962.1812062912
2025-08-25,e1f2a3b4-c5d6-4e7f-8a9b-0c1d2e3f4a5b,774663.9885789676
2025-09-01,e1f2a3b4-c5d6-4e7f-8a9b-0c1d2e3f4a5b,786506.0135236703
2025-09-08,e1f2a3b4-c5d6-4e7f-8a9b-0c1d2e3f4a5b,785432.9998715966
2025-09-15,e1f2a3b4-c5d6-4e7f-8a9b-0c1d2e3f4a5b,777760.571494259
2025-09-22,e1f2a3b4-c5d6-4e7f-8a9b-0c1d2e3f4a5b,801064.2089483248
2025-09-29,e1f2a3b4-c5d6-4e7f-8a9b-0c1d2e3f4a5b,793891.8071786534
2025-10-06,e1f2a3b4-c5d6-4e7f-8a9b-0c1d2e3f4a5b,827689.4956029269
2025-10-13,e1f2a3b4-c5d6-4e7f-8a9b-0c1d2e3f4a5b,837712.981762399
2025-10-20,e1f2a3b4-c5d6-4e7f-8a9b-0c1d2e3f4a5b,826488.7913546911
2025-10-27,e1f2a3b4-c5d6-4e7f-8a9b-0c1d2e3f4a5b,803783.5365613342
2025-11-03,e1f2a3b4-c5d6-4e7f-8a9b-0c1d2e3f4a5b,826050.4544310726
2025-11-10,e1f2a3b4-c5d6-4e7f-8a9b-0c1d2e3f4a5b,835755.0199903549
2025-11-17,e1f2a3b4-c5d6-4e7f-8a9b-0c1d2e3f4a5b,809958.3746399061
2025-11-24,e1f2a3b4-c5d6-4e7f-8a9b-0c1d2e3f4a5b,826227.2772970285
2025-12-01,e1f2a3b4-c5d6-4e7f-8a9b-0c1d2e3f4a5b,838954.1267557652
2025-12-08,e1f2a3b4-c5d6-4e7f-8a9b-0c1d2e3f4a5b,871390.4601127176
2025-12-15,e1f2a3b4-c5d6-4e7f-8a9b-0c1d2e3f4a5b,893807.0772800875
2025-12-22,e1f2a3b4-c5d6-4e7f-8a9b-0c1d2e3f4a5b,934546.1109792185
2025-12-29,e1f2a3b4-c5d6-4e7f-8a9b-0c1d2e3f4a5b,894989.134423611
2025-01-06,f2a3b4c5-d6e7-4f8a-9b0c-1d2e3f4a5b6c,385922.6104555987
2025-01-13,f2a3b4c5-d6e7-4f8a-9b0c-1d2e3f4a5b6c,402824.57958998583
2025-01-20,f2a3b4c5-d6e7-4f8a-9b0c-1d2e3f4a5b6c,417228.51700499444
2025-01-27,f2a3b4c5-d6e7-4f8a-9b0c-1d2e3f4a5b6c,397049.6548253529
2025-02-03,f2a3b4c5-d6e7-4f8a-9b0c-1d2e3f4a5b6c,381047.93004986265
2025-02-10,f2a3b4c5-d6e7-4f8a-9b0c-1d2e3f4a5b6c,376034.58812145307
2025-02-17,f2a3b4c5-d6e7-4f8a-9b0c-1d2e3f4a5b6c,373639.39918098843
2025-02-24,f2a3b4c5-d6e7-4f8a-9b0c-1d2e3f4a5b6c,376807.2787109484
2025-03-03,f2a3b4c5-d6e7-4f8a-9b0c-1d2e3f4a5b6c,365658.896493337
2025-03-10,f2a3b4c5-d6e7-4f8a-9b0c-1d2e3f4a5b6c,365962.48646972526
2025-03-17,f2a3b4c5-d6e7-4f8a-9b0c-1d2e3f4a5b6c,378120.36016315303
2025-03-24,f2a3b4c5-d6e7-4f8a-9b0c-1d2e3f4a5b6c,390392.9535591132
2025-03-31,f2a3b4c5-d6e7-4f8a-9b0c-1d2e3f4a5b6c,397278.76020093315
2025-04-07,f2a3b4c5-d6e7-4f8a-9b0c-1d2e3f4a5b6c,398012.83534600603
2025-04-14,f2a3b4c5-d6e7-4f8a-9b0c-1d2e3f4a5b6c,408329.5858068113
2025-04-21,f2a3b4c5-d6e7-4f8a-9b0c-1d2e3f4a5b6c,404188.77701932576
2025-04-28,f2a3b4c5-d6e7-4f8a-9b0c-1d2e3f4a5b6c,412742.83855881536
2025-05-05,f2a3b4c5-d6e7-4f8a-9b0c-1d2e3f4a5b6c,414314.68082699314
2025-05-12,f2a3b4c5-d6e7-4f8a-9b0c-1d2e3f4a5b6c,398023.0669945818
2025-05-19,f2a3b4c5-d6e7-4f8a-9b0c-1d2e3f4a5b6c,399591.24225759436
2025-05-26,f2a3b4c5-d6e7-4f8a-9b0c-1d2e3f4a5b6c,408255.2340147448
2025-06-02,f2a3b4c5-d6e7-4f8a-9b0c-1d2e3f4a5b6c,419103.281301072
2025-06-09,f2a3b4c5-d6e7-4f8a-9b0c-1d2e3f4a5b6c,428752.7463949783
2025-06-16,f2a3b4c5-d6e7-4f8a-9b0c-1d2e3f4a5b6c,407728.4758414485
2025-06-23,f2a3b4c5-d6e7-4f8a-9b0c-1d2e3f4a5b6c,426726.9820524428
2025-06-30,f2a3b4c5-d6e7-4f8a-9b0c-1d2e3f4a5b6c,420151.4457363363
2025-07-07,f2a3b4c5-d6e7-4f8a-9b0c-1d2e3f4a5b6c,414878.93400005944
2025-07-14,f2a3b4c5-d6e7-4f8a-9b0c-1d2e3f4a5b6c,401157.4058787164
2025-07-21,f2a3b4c5-d6e7-4f8a-9b0c-1d2e3f4a5b6c,391676.88638022006
2025-07-28,f2a3b4c5-d6e7-4f8a-9b0c-1d2e3f4a5b6c,388108.2038288886
2025-08-04,f2a3b4c5-d6e7-4f8a-9b0c-1d2e3f4a5b6c,406389.9012998487
2025-08-11,f2a3b4c5-d6e7-4f8a-9b0c-1d2e3f4a5b6c,416565.75747875654
2025-08-18,f2a3b4c5-d6e7-4f8a-9b0c-1d2e3f4a5b6c,408895.6031855624
2025-08-25,f2a3b4c5-d6e7-4f8a-9b0c-1d2e3f4a5b6c,404576.65016489837
2025-09-01,f2a3b4c5-d6e7-4f8a-9b0c-1d2e3f4a5b6c,404882.06050860917
2025-09-08,f2a3b4c5-d6e7-4f8a-9b0c-1d2e3f4a5b6c,404149.91453053826
2025-09-15,f2a3b4c5-d6e7-4f8a-9b0c-1d2e3f4a5b6c,416682.1328255947
2025-09-22,f2a3b4c5-d6e7-4f8a-9b0c-1d2e3f4a5b6c,428743.124231579
2025-09-29,f2a3b4c5-d6e7-4f8a-9b0c-1d2e3f4a5b6c,438012.2154278067
2025-10-06,f2a3b4c5-d6e7-4f8a-9b0c-1d2e3f4a5b6c,424173.57244790485
2025-10-13,f2a3b4c5-d6e7-4f8a-9b0c-1d2e3f4a5b6c,434174.30545498704
2025-10-20,f2a3b4c5-d6e7-4f8a-9b0c-1d2e3f4a5b6c,423325.0294053074
2025-10-27,f2a3b4c5-d6e7-4f8a-9b0c-1d2e3f4a5b6c,411854.3730222853
2025-11-03,f2a3b4c5-d6e7-4f8a-9b0c-1d2e3f4a5b6c,424047.7665914909
2025-11-10,f2a3b4c5-d6e7-4f8a-9b0c-1d2e3f4a5b6c,422382.83096539264
2025-11-17,f2a3b4c5-d6e7-4f8a-9b0c-1d2e3f4a5b6c,413870.74949865596
2025-11-24,f2a3b4c5-d6e7-4f8a-9b0c-1d2e3f4a5b6c,414358.3214669363
2025-12-01,f2a3b4c5-d6e7-4f8a-9b0c-1d2e3f4a5b6c,419751.06552400364
2025-12-08,f2a3b4c5-d6e7-4f8a-9b0c-1d2e3f4a5b6c,403215.58600736613
2025-12-15,f2a3b4c5-d6e7-4f8a-9b0c-1d2e3f4a5b6c,403035.71263839694
2025-12-22,f2a3b4c5-d6e7-4f8a-9b0c-1d2e3f4a5b6c,383840.850549181
2025-12-29,f2a3b4c5-d6e7-4f8a-9b0c-1d2e3f4a5b6c,390506.3838625573
2025-01-06,a3b4c5d6-e7f8-4a9b-0c1d-2e3f4a5b6c7d,1216910.5954889935
2025-01-13,a3b4c5d6-e7f8-4a9b-0c1d-2e3f4a5b6c7d,1252508.5569343292
2025-01-20,a3b4c5d6-e7f8-4a9b-0c1d-2e3f4a5b6c7d,1228988.501812596
2025-01-27,a3b4c5d6-e7f8-4a9b-0c1d-2e3f4a5b6c7d,1203621.629493404
2025-02-03,a3b4c5d6-e7f8-4a9b-0c1d-2e3f4a5b6c7d,1205281.8452557165
2025-02-10,a3b4c5d6-e7f8-4a9b-0c1d-2e3f4a5b6c7d,1202419.7108618624
2025-02-17,a3b4c5d6-e7f8-4a9b-0c1d-2e3f4a5b6c7d,1152391.7933566812
2025-02-24,a3b4c5d6-e7f8-4a9b-0c1d-2e3f4a5b6c7d,1118047.5635658677
2025-03-03,a3b4c5d6-e7f8-4a9b-0c1d-2e3f4a5b6c7d,1161330.6990074501
2025-03-10,a3b4c5d6-e7f8-4a9b-0c1d-2e3f4a5b6c7d,1122322.102491755
2025-03-17,a3b4c5d6-e7f8-4a9b-0c1d-2e3f4a5b6c7d,1077570.103042675
2025-03-24,a3b4c5d6-e7f8-4a9b-0c1d-2e3f4a5b6c7d,1058888.0714737365
2025-03-31,a3b4c5d6-e7f8-4a9b-0c1d-2e3f4a5b6c7d,1021366.1549098017
2025-04-07,a3b4c5d6-e7f8-4a9b-0c1d-2e3f4a5b6c7d,1000756.9682610703
2025-04-14,a3b4c5d6-e7f8-4a9b-0c1d-2e3f4a5b6c7d,951265.5329634977
2025-04-21,a3b4c5d6-e7f8-4a9b-0c1d-2e3f4a5b6c7d,932359.3629735687
2025-04-28,a3b4c5d6-e7f8-4a9b-0c1d-2e3f4a5b6c7d,968769.1314044782
2025-05-05,a3b4c5d6-e7f8-4a9b-0c1d-2e3f4a5b6c7d,1005070.6577166993
2025-05-12,a3b4c5d6-e7f8-4a9b-0c1d-2e3f4a5b6c7d,996808.790149179
2025-05-19,a3b4c5d6-e7f8-4a9b-0c1d-2e3f4a5b6c7d,995956.0454727691
2025-05-26,a3b4c5d6-e7f8-4a9b-0c1d-2e3f4a5b6c7d,981483.8919532347
2025-06-02,a3b4c5d6-e7f8-4a9b-0c1d-2e3f4a5b6c7d,1017421.9191819289
2025-06-09,a3b4c5d6-e7f8-4a9b-0c1d-2e3f4a5b6c7d,1056112.4304763433
2025-06-16,a3b4c5d6-e7f8-4a9b-0c1d-2e3f4a5b6c7d,1039001.274477166
2025-06-23,a3b4c5d6-e7f8-4a9b-0c1d-2e3f4a5b6c7d,1037199.7454205498
2025-06-30,a3b4c5d6-e7f8-4a9b-0c1d-2e3f4a5b6c7d,1083886.675998307
2025-07-07,a3b4c5d6-e7f8-4a9b-0c1d-2e3f4a5b6c7d,1101819.2045408622
2025-07-14,a3b4c5d6-e7f8-4a9b-0c1d-2e3f4a5b6c7d,1052142.8328513077
2025-07-21,a3b4c5d6-e7f8-4a9b-0c1d-2e3f4a5b6c7d,1101086.6435087349
2025-07-28,a3b4c5d6-e7f8-4a9b-0c1d-2e3f4a5b6c7d,1154020.34303114
2025-08-04,a3b4c5d6-e7f8-4a9b-0c1d-2e3f4a5b6c7d,1163374.0453737068
2025-08-11,a3b4c5d6-e7f8-4a9b-0c1d-2e3f4a5b6c7d,1204221.1948688955
2025-08-18,a3b4c5d6-e7f8-4a9b-0c1d-2e3f4a5b6c7d,1238093.9621880036
2025-08-25,a3b4c5d6-e7f8-4a9b-0c1d-2e3f4a5b6c7d,1206708.8204979107
2025-09-01,a3b4c5d6-e7f8-4a9b-0c1d-2e3f4a5b6c7d,1214075.280217187
2025-09-08,a3b4c5d6-e7f8-4a9b-0c1d-2e3f4a5b6c7d,1228509.8889170033
2025-09-15,a3b4c5d6-e7f8-4a9b-0c1d-2e3f4a5b6c7d,1245779.1395780381
2025-09-22,a3b4c5d6-e7f8-4a9b-0c1d-2e3f4a5b6c7d,1281085.9974748471
2025-09-29,a3b4c5d6-e7f8-4a9b-0c1d-2e3f4a5b6c7d,1311297.2129639275
2025-10-06,a3b4c5d6-e7f8-4a9b-0c1d-2e3f4a5b6c7d,1369336.7440298414
2025-10-13,a3b4c5d6-e7f8-4a9b-0c1d-2e3f4a5b6c7d,1417397.7923470233
2025-10-20,a3b4c5d6-e7f8-4a9b-0c1d-2e3f4a5b6c7d,1410269.196620807
2025-10-27,a3b4c5d6-e7f8-4a9b-0c1d-2e3f4a5b6c7d,1468481.4973559228
2025-11-03,a3b4c5d6-e7f8-4a9b-0c1d-2e3f4a5b6c7d,1436418.9217557574
2025-11-10,a3b4c5d6-e7f8-4a9b-0c1d-2e3f4a5b6c7d,1402242.2267987262
2025-11-17,a3b4c5d6-e7f8-4a9b-0c1d-2e3f4a5b6c7d,1379959.4311536981
2025-11-24,a3b4c5d6-e7f8-4a9b-0c1d-2e3f4a5b6c7d,1347623.7118305294
2025-12-01,a3b4c5d6-e7f8-4a9b-0c1d-2e3f4a5b6c7d,1405060.0620258846
2025-12-08,a3b4c5d6-e7f8-4a9b-0c1d-2e3f4a5b6c7d,1415511.0742139101
2025-12-15,a3b4c5d6-e7f8-4a9b-0c1d-2e3f4a5b6c7d,1459738.8333887018
2025-12-22,a3b4c5d6-e7f8-4a9b-0c1d-2e3f4a5b6c7d,1488940.1774401895
2025-12-29,a3b4c5d6-e7f8-4a9b-0c1d-2e3f4a5b6c7d,1481492.904894314
2025-01-06,b4c5d6e7-f8a9-4b0c-1d2e-3f4a5b6c7d8e,835612.903264417
2025-01-13,b4c5d6e7-f8a9-4b0c-1d2e-3f4a5b6c7d8e,796027.0567129257
2025-01-20,b4c5d6e7-f8a9-4b0c-1d2e-3f4a5b6c7d8e,834549.7007202192
2025-01-27,b4c5d6e7-f8a9-4b0c-1d2e-3f4a5b6c7d8e,856911.1542906256
2025-02-03,b4c5d6e7-f8a9-4b0c-1d2e-3f4a5b6c7d8e,862373.6701962438
2025-02-10,b4c5d6e7-f8a9-4b0c-1d2e-3f4a5b6c7d8e,898648.1428993422
2025-02-17,b4c5d6e7-f8a9-4b0c-1d2e-3f4a5b6c7d8e,862578.8554445597
2025-02-24,b4c5d6e7-f8a9-4b0c-1d2e-3f4a5b6c7d8e,820916.0340134578
2025-03-03,b4c5d6e7-f8a9-4b0c-1d2e-3f4a5b6c7d8e,832134.1910323947
2025-03-10,b4c5d6e7-f8a9-4b0c-1d2e-3f4a5b6c7d8e,815417.4568897953
2025-03-17,b4c5d6e7-f8a9-4b0c-1d2e-3f4a5b6c7d8e,839693.3664031818
2025-03-24,b4c5d6e7-f8a9-4b0c-1d2e-3f4a5b6c7d8e,850159.4151730458
2025-03-31,b4c5d6e7-f8a9-4b0c-1d2e-3f4a5b6c7d8e,846260.250810967
2025-04-07,b4c5d6e7-f8a9-4b0c-1d2e-3f4a5b6c7d8e,881785.1847955938
2025-04-14,b4c5d6e7-f8a9-4b0c-1d2e-3f4a5b6c7d8e,855432.6438627004
2025-04-21,b4c5d6e7-f8a9-4b0c-1d2e-3f4a5b6c7d8e,817321.7713156249
2025-04-28,b4c5d6e7-f8a9-4b0c-1d2e-3f4a5b6c7d8e,842862.5486285121
2025-05-05,b4c5d6e7-f8a9-4b0c-1d2e-3f4a5b6c7d8e,820100.0172559322
2025-05-12,b4c5d6e7-f8a9-4b0c-1d2e-3f4a5b6c7d8e,788572.9371435706
2025-05-19,b4c5d6e7-f8a9-4b0c-1d2e-3f4a5b6c7d8e,796111.1406733425
2025-05-26,b4c5d6e7-f8a9-4b0c-1d2e-3f4a5b6c7d8e,821617.6370836094
2025-06-02,b4c5d6e7-f8a9-4b0c-1d2e-3f4a5b6c7d8e,829290.7483947508
2025-06-09,b4c5d6e7-f8a9-4b0c-1d2e-3f4a5b6c7d8e,831575.8023986728
2025-06-16,b4c5d6e7-f8a9-4b0c-1d2e-3f4a5b6c7d8e,864331.9128689802
2025-06-23,b4c5d6e7-f8a9-4b0c-1d2e-3f4a5b6c7d8e,835231.2036484875
2025-06-30,b4c5d6e7-f8a9-4b0c-1d2e-3f4a5b6c7d8e,850777.1871100555
2025-07-07,b4c5d6e7-f8a9-4b0c-1d2e-3f4a5b6c7d8e,881095.043205612
2025-07-14,b4c5d6e7-f8a9-4b0c-1d2e-3f4a5b6c7d8e,915736.6831033357
2025-07-21,b4c5d6e7-f8a9-4b0c-1d2e-3f4a5b6c7d8e,951216.9654545238
2025-07-28,b4c5d6e7-f8a9-4b0c-1d2e-3f4a5b6c7d8e,978451.0535241575
2025-08-04,b4c5d6e7-f8a9-4b0c-1d2e-3f4a5b6c7d8e,1001067.2126624769
2025-08-11,b4c5d6e7-f8a9-4b0c-1d2e-3f4a5b6c7d8e,972185.2198313893
2025-08-18,b4c5d6e7-f8a9-4b0c-1d2e-3f4a5b6c7d8e,934722.7375148764
2025-08-25,b4c5d6e7-f8a9-4b0c-1d2e-3f4a5b6c7d8e,951715.6120195617
2025-09-01,b4c5d6e7-f8a9-4b0c-1d2e-3f4a5b6c7d8e,970327.0804619903
2025-09-08,b4c5d6e7-f8a9-4b0c-1d2e-3f4a5b6c7d8e,1004134.7542535914
2025-09-15,b4c5d6e7-f8a9-4b0c-1d2e-3f4a5b6c7d8e,1043429.6662744251
2025-09-22,b4c5d6e7-f8a9-4b0c-1d2e-3f4a5b6c7d8e,1044679.2846145515
2025-09-29,b4c5d6e7-f8a9-4b0c-1d2e-3f4a5b6c7d8e,1050181.8990871748
2025-10-06,b4c5d6e7-f8a9-4b0c-1d2e-3f4a5b6c7d8e,1076927.738975447
2025-10-13,b4c5d6e7-f8a9-4b0c-1d2e-3f4a5b6c7d8e,1110756.1346184346
2025-10-20,b4c5d6e7-f8a9-4b0c-1d2e-3f4a5b6c7d8e,1144747.4704911204
2025-10-27,b4c5d6e7-f8a9-4b0c-1d2e-3f4a5b6c7d8e,1178940.4955819172
2025-11-03,b4c5d6e7-f8a9-4b0c-1d2e-3f4a5b6c7d8e,1159842.4429172312
2025-11-10,b4c5d6e7-f8a9-4b0c-1d2e-3f4a5b6c7d8e,1152308.1278914518
2025-11-17,b4c5d6e7-f8a9-4b0c-1d2e-3f4a5b6c7d8e,1190215.2041065753
2025-11-24,b4c5d6e7-f8a9-4b0c-1d2e-3f4a5b6c7d8e,1241936.6970506257
2025-12-01,b4c5d6e7-f8a9-4b0c-1d2e-3f4a5b6c7d8e,1296653.7355122324
2025-12-08,b4c5d6e7-f8a9-4b0c-1d2e-3f4a5b6c7d8e,1275156.6294176064
2025-12-15,b4c5d6e7-f8a9-4b0c-1d2e-3f4a5b6c7d8e,1304967.441875204
2025-12-22,b4c5d6e7-f8a9-4b0c-1d2e-3f4a5b6c7d8e,1345940.957131312
2025-12-29,b4c5d6e7-f8a9-4b0c-1d2e-3f4a5b6c7d8e,1354505.2630118113
2025-01-06,c5d6e7f8-a9b0-4c1d-2e3f-4a5b6c7d8e9f,135745.48810598915
2025-01-13,c5d6e7f8-a9b0-4c1d-2e3f-4a5b6c7d8e9f,138120.35325251915
2025-01-20,c5d6e7f8-a9b0-4c1d-2e3f-4a5b6c7d8e9f,138402.95211397734
2025-01-27,c5d6e7f8-a9b0-4c1d-2e3f-4a5b6c7d8e9f,143753.4818095722
2025-02-03,c5d6e7f8-a9b0-4c1d-2e3f-4a5b6c7d8e9f,139867.9151864183
2025-02-10,c5d6e7f8-a9b0-4c1d-2e3f-4a5b6c7d8e9f,137655.42044295502
2025-02-17,c5d6e7f8-a9b0-4c1d-2e3f-4a5b6c7d8e9f,139791.3902454992
2025-02-24,c5d6e7f8-a9b0-4c1d-2e3f-4a5b6c7d8e9f,136169.0013207874
2025-03-03,c5d6e7f8-a9b0-4c1d-2e3f-4a5b6c7d8e9f,139674.2289386349
2025-03-10,c5d6e7f8-a9b0-4c1d-2e3f-4a5b6c7d8e9f,134105.6165794061
2025-03-17,c5d6e7f8-a9b0-4c1d-2e3f-4a5b6c7d8e9f,127490.76256408695
2025-03-24,c5d6e7f8-a9b0-4c1d-2e3f-4a5b6c7d8e9f,123783.75493774797
2025-03-31,c5d6e7f8-a9b0-4c1d-2e3f-4a5b6c7d8e9f,118644.35378138383
2025-04-07,c5d6e7f8-a9b0-4c1d-2e3f-4a5b6c7d8e9f,120387.13096106632
2025-04-14,c5d6e7f8-a9b0-4c1d-2e3f-4a5b6c7d8e9f,118528.11397663779
2025-04-21,c5d6e7f8-a9b0-4c1d-2e3f-4a5b6c7d8e9f,118444.52314187492
2025-04-28,c5d6e7f8-a9b0-4c1d-2e3f-4a5b6c7d8e9f,121807.4018029718
2025-05-05,c5d6e7f8-a9b0-4c1d-2e3f-4a5b6c7d8e9f,119363.13038207535
2025-05-12,c5d6e7f8-a9b0-4c1d-2e3f-4a5b6c7d8e9f,117150.11311819969
2025-05-19,c5d6e7f8-a9b0-4c1d-2e3f-4a5b6c7d8e9f,114276.96462859247
2025-05-26,c5d6e7f8-a9b0-4c1d-2e3f-4a5b6c7d8e9f,112576.22776468765
2025-06-02,c5d6e7f8-a9b0-4c1d-2e3f-4a5b6c7d8e9f,110130.80563610568
2025-06-09,c5d6e7f8-a9b0-4c1d-2e3f-4a5b6c7d8e9f,113337.54041769604
2025-06-16,c5d6e7f8-a9b0-4c1d-2e3f-4a5b6c7d8e9f,111951.77788810802
2025-06-23,c5d6e7f8-a9b0-4c1d-2e3f-4a5b6c7d8e9f,111619.06925226918
2025-06-30,c5d6e7f8-a9b0-4c1d-2e3f-4a5b6c7d8e9f,112464.77249861772
2025-07-07,c5d6e7f8-a9b0-4c1d-2e3f-4a5b6c7d8e9f,109794.60306782118
2025-07-14,c5d6e7f8-a9b0-4c1d-2e3f-4a5b6c7d8e9f,105950.8831474268
2025-07-21,c5d6e7f8-a9b0-4c1d-2e3f-4a5b6c7d8e9f,110982.68584747128
2025-07-28,c5d6e7f8-a9b0-4c1d-2e3f-4a5b6c7d8e9f,106151.13426048103
2025-08-04,c5d6e7f8-a9b0-4c1d-2e3f-4a5b6c7d8e9f,110031.51600672581
2025-08-11,c5d6e7f8-a9b0-4c1d-2e3f-4a5b6c7d8e9f,112812.42396557942
2025-08-18,c5d6e7f8-a9b0-4c1d-2e3f-4a5b6c7d8e9f,111526.65363863732
2025-08-25,c5d6e7f8-a9b0-4c1d-2e3f-4a5b6c7d8e9f,111777.9629661898
2025-09-01,c5d6e7f8-a9b0-4c1d-2e3f-4a5b6c7d8e9f,115948.42347845984
2025-09-08,c5d6e7f8-a9b0-4c1d-2e3f-4a5b6c7d8e9f,110456.5039990276
2025-09-15,c5d6e7f8-a9b0-4c1d-2e3f-4a5b6c7d8e9f,109391.9725828076
2025-09-22,c5d6e7f8-a9b0-4c1d-2e3f-4a5b6c7d8e9f,104285.79601074308
2025-09-29,c5d6e7f8-a9b0-4c1d-2e3f-4a5b6c7d8e9f,106469.08787086843
2025-10-06,c5d6e7f8-a9b0-4c1d-2e3f-4a5b6c7d8e9f,107785.80424999942
2025-10-13,c5d6e7f8-a9b0-4c1d-2e3f-4a5b6c7d8e9f,102614.04936936803
2025-10-20,c5d6e7f8-a9b0-4c1d-2e3f-4a5b6c7d8e9f,103320.859390765
2025-10-27,c5d6e7f8-a9b0-4c1d-2e3f-4a5b6c7d8e9f,106618.29107650297
2025-11-03,c5d6e7f8-a9b0-4c1d-2e3f-4a5b6c7d8e9f,105999.39869804353
2025-11-10,c5d6e7f8-a9b0-4c1d-2e3f-4a5b6c7d8e9f,102648.49896217507
2025-11-17,c5d6e7f8-a9b0-4c1d-2e3f-4a5b6c7d8e9f,99038.01752302184
2025-11-24,c5d6e7f8-a9b0-4c1d-2e3f-4a5b6c7d8e9f,95287.91189873074
2025-12-01,c5d6e7f8-a9b0-4c1d-2e3f-4a5b6c7d8e9f,94998.27253670675
2025-12-08,c5d6e7f8-a9b0-4c1d-2e3f-4a5b6c7d8e9f,91357.19028061417
2025-12-15,c5d6e7f8-a9b0-4c1d-2e3f-4a5b6c7d8e9f,94723.07526621908
2025-12-22,c5d6e7f8-a9b0-4c1d-2e3f-4a5b6c7d8e9f,97023.20350225
2025-12-29,c5d6e7f8-a9b0-4c1d-2e3f-4a5b6c7d8e9f,100067.88152967296
2025-01-06,d6e7f8a9-b0c1-4d2e-3f4a-5b6c7d8e9f0a,73083.61523370403
2025-01-13,d6e7f8a9-b0c1-4d2e-3f4a-5b6c7d8e9f0a,73438.22754803592
2025-01-20,d6e7f8a9-b0c1-4d2e-3f4a-5b6c7d8e9f0a,70752.8449573939
2025-01-27,d6e7f8a9-b0c1-4d2e-3f4a-5b6c7d8e9f0a,67375.55496524899
2025-02-03,d6e7f8a9-b0c1-4d2e-3f4a-5b6c7d8e9f0a,66680.12005396199
2025-02-10,d6e7f8a9-b0c1-4d2e-3f4a-5b6c7d8e9f0a,65021.38999644228
2025-02-17,d6e7f8a9-b0c1-4d2e-3f4a-5b6c7d8e9f0a,64969.67251722427
2025-02-24,d6e7f8a9-b0c1-4d2e-3f4a-5b6c7d8e9f0a,63364.73474677723
2025-03-03,d6e7f8a9-b0c1-4d2e-3f4a-5b6c7d8e9f0a,62581.133206591825
2025-03-10,d6e7f8a9-b0c1-4d2e-3f4a-5b6c7d8e9f0a,61300.45148163802
2025-03-17,d6e7f8a9-b0c1-4d2e-3f4a-5b6c7d8e9f0a,62142.505822934625
2025-03-24,d6e7f8a9-b0c1-4d2e-3f4a-5b6c7d8e9f0a,59780.89452172855
2025-03-31,d6e7f8a9-b0c1-4d2e-3f4a-5b6c7d8e9f0a,60550.52124264129
2025-04-07,d6e7f8a9-b0c1-4d2e-3f4a-5b6c7d8e9f0a,60074.61068104596
2025-04-14,d6e7f8a9-b0c1-4d2e-3f4a-5b6c7d8e9f0a,59081.05021364918
2025-04-21,d6e7f8a9-b0c1-4d2e-3f4a-5b6c7d8e9f0a,58421.77882353379
2025-04-28,d6e7f8a9-b0c1-4d2e-3f4a-5b6c7d8e9f0a,60522.30186646039
2025-05-05,d6e7f8a9-b0c1-4d2e-3f4a-5b6c7d8e9f0a,59185.00266519838
2025-05-12,d6e7f8a9-b0c1-4d2e-3f4a-5b6c7d8e9f0a,58475.40458733895
2025-05-19,d6e7f8a9-b0c1-4d2e-3f4a-5b6c7d8e9f0a,58182.22442882206
2025-05-26,d6e7f8a9-b0c1-4d2e-3f4a-5b6c7d8e9f0a,60137.01094517069
2025-06-02,d6e7f8a9-b0c1-4d2e-3f4a-5b6c7d8e9f0a,60386.75512128703
2025-06-09,d6e7f8a9-b0c1-4d2e-3f4a-5b6c7d8e9f0a,62689.05733627293
2025-06-16,d6e7f8a9-b0c1-4d2e-3f4a-5b6c7d8e9f0a,62779.928753716544
2025-06-23,d6e7f8a9-b0c1-4d2e-3f4a-5b6c7d8e9f0a,60768.07515763577
2025-06-30,d6e7f8a9-b0c1-4d2e-3f4a-5b6c7d8e9f0a,61890.65202107618
2025-07-07,d6e7f8a9-b0c1-4d2e-3f4a-5b6c7d8e9f0a,59635.60064168924
2025-07-14,d6e7f8a9-b0c1-4d2e-3f4a-5b6c7d8e9f0a,59726.21618956397
2025-07-21,d6e7f8a9-b0c1-4d2e-3f4a-5b6c7d8e9f0a,59485.60890361713
2025-07-28,d6e7f8a9-b0c1-4d2e-3f4a-5b6c7d8e9f0a,59682.29459671312
2025-08-04,d6e7f8a9-b0c1-4d2e-3f4a-5b6c7d8e9f0a,57485.27522322824
2025-08-11,d6e7f8a9-b0c1-4d2e-3f4a-5b6c7d8e9f0a,58845.42578819113
2025-08-18,d6e7f8a9-b0c1-4d2e-3f4a-5b6c7d8e9f0a,57426.11133409082
2025-08-25,d6e7f8a9-b0c1-4d2e-3f4a-5b6c7d8e9f0a,58946.528064278195
2025-09-01,d6e7f8a9-b0c1-4d2e-3f4a-5b6c7d8e9f0a,58771.34435877384
2025-09-08,d6e7f8a9-b0c1-4d2e-3f4a-5b6c7d8e9f0a,60041.23205684798
2025-09-15,d6e7f8a9-b0c1-4d2e-3f4a-5b6c7d8e9f0a,57631.18673579271
2025-09-22,d6e7f8a9-b0c1-4d2e-3f4a-5b6c7d8e9f0a,58715.95589947107
2025-09-29,d6e7f8a9-b0c1-4d2e-3f4a-5b6c7d8e9f0a,60381.25002554207
2025-10-06,d6e7f8a9-b0c1-4d2e-3f4a-5b6c7d8e9f0a,57709.22878305579
2025-10-13,d6e7f8a9-b0c1-4d2e-3f4a-5b6c7d8e9f0a,59865.22620230753
2025-10-20,d6e7f8a9-b0c1-4d2e-3f4a-5b6c7d8e9f0a,61200.28377612149
2025-10-27,d6e7f8a9-b0c1-4d2e-3f4a-5b6c7d8e9f0a,61664.25708928338
2025-11-03,d6e7f8a9-b0c1-4d2e-3f4a-5b6c7d8e9f0a,63932.356597815844
2025-11-10,d6e7f8a9-b0c1-4d2e-3f4a-5b6c7d8e9f0a,65311.91012680274
2025-11-17,d6e7f8a9-b0c1-4d2e-3f4a-5b6c7d8e9f0a,66665.27035423732
2025-11-24,d6e7f8a9-b0c1-4d2e-3f4a-5b6c7d8e9f0a,67270.90865019575
2025-12-01,d6e7f8a9-b0c1-4d2e-3f4a-5b6c7d8e9f0a,64053.488297487565
2025-12-08,d6e7f8a9-b0c1-4d2e-3f4a-5b6c7d8e9f0a,65231.6224164692
2025-12-15,d6e7f8a9-b0c1-4d2e-3f4a-5b6c7d8e9f0a,62907.68852393882
2025-12-22,d6e7f8a9-b0c1-4d2e-3f4a-5b6c7d8e9f0a,60720.49447124199
2025-12-29,d6e7f8a9-b0c1-4d2e-3f4a-5b6c7d8e9f0a,61143.6268446976
2025-01-06,e7f8a9b0-c1d2-4e3f-4a5b-6c7d8e9f0a1b,181651.65921813526
2025-01-13,e7f8a9b0-c1d2-4e3f-4a5b-6c7d8e9f0a1b,189602.98107795764
2025-01-20,e7f8a9b0-c1d2-4e3f-4a5b-6c7d8e9f0a1b,197567.19756759002
2025-01-27,e7f8a9b0-c1d2-4e3f-4a5b-6c7d8e9f0a1b,199248.33804017224
2025-02-03,e7f8a9b0-c1d2-4e3f-4a5b-6c7d8e9f0a1b,193974.87198338055
2025-02-10,e7f8a9b0-c1d2-4e3f-4a5b-6c7d8e9f0a1b,197553.50583764
2025-02-17,e7f8a9b0-c1d2-4e3f-4a5b-6c7d8e9f0a1b,191655.8509085082
2025-02-24,e7f8a9b0-c1d2-4e3f-4a5b-6c7d8e9f0a1b,192521.78117323935
2025-03-03,e7f8a9b0-c1d2-4e3f-4a5b-6c7d8e9f0a1b,189051.78402864843
2025-03-10,e7f8a9b0-c1d2-4e3f-4a5b-6c7d8e9f0a1b,181243.3521591383
2025-03-17,e7f8a9b0-c1d2-4e3f-4a5b-6c7d8e9f0a1b,186396.31505863322
2025-03-24,e7f8a9b0-c1d2-4e3f-4a5b-6c7d8e9f0a1b,193763.606419015
2025-03-31,e7f8a9b0-c1d2-4e3f-4a5b-6c7d8e9f0a1b,196010.94922588454
2025-04-07,e7f8a9b0-c1d2-4e3f-4a5b-6c7d8e9f0a1b,194232.92475625916
2025-04-14,e7f8a9b0-c1d2-4e3f-4a5b-6c7d8e9f0a1b,198007.54683712617
2025-04-21,e7f8a9b0-c1d2-4e3f-4a5b-6c7d8e9f0a1b,195437.4768503145
2025-04-28,e7f8a9b0-c1d2-4e3f-4a5b-6c7d8e9f0a1b,193258.44587369057
2025-05-05,e7f8a9b0-c1d2-4e3f-4a5b-6c7d8e9f0a1b,187714.16918228194
2025-05-12,e7f8a9b0-c1d2-4e3f-4a5b-6c7d8e9f0a1b,181450.2206401898
2025-05-19,e7f8a9b0-c1d2-4e3f-4a5b-6c7d8e9f0a1b,188799.9793737008
2025-05-26,e7f8a9b0-c1d2-4e3f-4a5b-6c7d8e9f0a1b,188052.26899334215
2025-06-02,e7f8a9b0-c1d2-4e3f-4a5b-6c7d8e9f0a1b,180676.7026991469
2025-06-09,e7f8a9b0-c1d2-4e3f-4a5b-6c7d8e9f0a1b,173655.14768463076
2025-06-16,e7f8a9b0-c1d2-4e3f-4a5b-6c7d8e9f0a1b,169779.98132697053
2025-06-23,e7f8a9b0-c1d2-4e3f-4a5b-6c7d8e9f0a1b,176976.40069963096
2025-06-30,e7f8a9b0-c1d2-4e3f-4a5b-6c7d8e9f0a1b,172953.60063530583
2025-07-07,e7f8a9b0-c1d2-4e3f-4a5b-6c7d8e9f0a1b,166416.63043093038
2025-07-14,e7f8a9b0-c1d2-4e3f-4a5b-6c7d8e9f0a1b,170983.48894321918
2025-07-21,e7f8a9b0-c1d2-4e3f-4a5b-6c7d8e9f0a1b,166568.5332855537
2025-07-28,e7f8a9b0-c1d2-4e3f-4a5b-6c7d8e9f0a1b,159836.11716596337
2025-08-04,e7f8a9b0-c1d2-4e3f-4a5b-6c7d8e9f0a1b,165548.70479759388
2025-08-11,e7f8a9b0-c1d2-4e3f-4a5b-6c7d8e9f0a1b,159313.8623662232
2025-08-18,e7f8a9b0-c1d2-4e3f-4a5b-6c7d8e9f0a1b,154133.81557966495
2025-08-25,e7f8a9b0-c1d2-4e3f-4a5b-6c7d8e9f0a1b,147221.53597925682
2025-09-01,e7f8a9b0-c1d2-4e3f-4a5b-6c7d8e9f0a1b,148717.78228537142
2025-09-08,e7f8a9b0-c1d2-4e3f-4a5b-6c7d8e9f0a1b,150617.97134989133
2025-09-15,e7f8a9b0-c1d2-4e3f-4a5b-6c7d8e9f0a1b,150022.55377947743
2025-09-22,e7f8a9b0-c1d2-4e3f-4a5b-6c7d8e9f0a1b,156551.20207512195
2025-09-29,e7f8a9b0-c1d2-4e3f-4a5b-6c7d8e9f0a1b,156036.07857882683
2025-10-06,e7f8a9b0-c1d2-4e3f-4a5b-6c7d8e9f0a1b,157733.2621101533
2025-10-13,e7f8a9b0-c1d2-4e3f-4a5b-6c7d8e9f0a1b,154564.78379544424
2025-10-20,e7f8a9b0-c1d2-4e3f-4a5b-6c7d8e9f0a1b,147914.15287609806
2025-10-27,e7f8a9b0-c1d2-4e3f-4a5b-6c7d8e9f0a1b,148973.00608878862
2025-11-03,e7f8a9b0-c1d2-4e3f-4a5b-6c7d8e9f0a1b,153984.03364264852
2025-11-10,e7f8a9b0-c1d2-4e3f-4a5b-6c7d8e9f0a1b,152018.14723718652
2025-11-17,e7f8a9b0-c1d2-4e3f-4a5b-6c7d8e9f0a1b,154674.12246001922
2025-11-24,e7f8a9b0-c1d2-4e3f-4a5b-6c7d8e9f0a1b,160537.79060748176
2025-12-01,e7f8a9b0-c1d2-4e3f-4a5b-6c7d8e9f0a1b,158112.63370895982
2025-12-08,e7f8a9b0-c1d2-4e3f-4a5b-6c7d8e9f0a1b,151696.8191382231
2025-12-15,e7f8a9b0-c1d2-4e3f-4a5b-6c7d8e9f0a1b,151509.82044470118
2025-12-22,e7f8a9b0-c1d2-4e3f-4a5b-6c7d8e9f0a1b,149884.09127383874
2025-12-29,e7f8a9b0-c1d2-4e3f-4a5b-6c7d8e9f0a1b,151269.79836157794
2025-01-06,f8a9b0c1-d2e3-4f4a-5b6c-7d8e9f0a1b2c,105446.48038415455
2025-01-13,f8a9b0c1-d2e3-4f4a-5b6c-7d8e9f0a1b2c,107449.66278906525
2025-01-20,f8a9b0c1-d2e3-4f4a-5b6c-7d8e9f0a1b2c,102278.61787322274
2025-01-27,f8a9b0c1-d2e3-4f4a-5b6c-7d8e9f0a1b2c,106389.49358016376
2025-02-03,f8a9b0c1-d2e3-4f4a-5b6c-7d8e9f0a1b2c,111073.91923782125
2025-02-10,f8a9b0c1-d2e3-4f4a-5b6c-7d8e9f0a1b2c,115473.62726358857
2025-02-17,f8a9b0c1-d2e3-4f4a-5b6c-7d8e9f0a1b2c,114858.48157252694
2025-02-24,f8a9b0c1-d2e3-4f4a-5b6c-7d8e9f0a1b2c,117545.47042027302
2025-03-03,f8a9b0c1-d2e3-4f4a-5b6c-7d8e9f0a1b2c,123138.52235534105
2025-03-10,f8a9b0c1-d2e3-4f4a-5b6c-7d8e9f0a1b2c,124769.57921468558
2025-03-17,f8a9b0c1-d2e3-4f4a-5b6c-7d8e9f0a1b2c,121220.19148454259
2025-03-24,f8a9b0c1-d2e3-4f4a-5b6c-7d8e9f0a1b2c,120962.5472221981
2025-03-31,f8a9b0c1-d2e3-4f4a-5b6c-7d8e9f0a1b2c,115844.28130957721
2025-04-07,f8a9b0c1-d2e3-4f4a-5b6c-7d8e9f0a1b2c,111011.09324643786
2025-04-14,f8a9b0c1-d2e3-4f4a-5b6c-7d8e9f0a1b2c,107877.55086935291
2025-04-21,f8a9b0c1-d2e3-4f4a-5b6c-7d8e9f0a1b2c,106700.098203712
2025-04-28,f8a9b0c1-d2e3-4f4a-5b6c-7d8e9f0a1b2c,107256.594420708
2025-05-05,f8a9b0c1-d2e3-4f4a-5b6c-7d8e9f0a1b2c,105249.82435393652
2025-05-12,f8a9b0c1-d2e3-4f4a-5b6c-7d8e9f0a1b2c,109170.15192625068
2025-05-19,f8a9b0c1-d2e3-4f4a-5b6c-7d8e9f0a1b2c,111192.39318222884
2025-05-26,f8a9b0c1-d2e3-4f4a-5b6c-7d8e9f0a1b2c,112570.79943899263
2025-06-02,f8a9b0c1-d2e3-4f4a-5b6c-7d8e9f0a1b2c,114032.45684709697
2025-06-09,f8a9b0c1-d2e3-4f4a-5b6c-7d8e9f0a1b2c,114913.5102905566
2025-06-16,f8a9b0c1-d2e3-4f4a-5b6c-7d8e9f0a1b2c,115505.19965410703
2025-06-23,f8a9b0c1-d2e3-4f4a-5b6c-7d8e9f0a1b2c,118064.28046480069
2025-06-30,f8a9b0c1-d2e3-4f4a-5b6c-7d8e9f0a1b2c,122312.28155508293
2025-07-07,f8a9b0c1-d2e3-4f4a-5b6c-7d8e9f0a1b2c,118020.68884667585
2025-07-14,f8a9b0c1-d2e3-4f4a-5b6c-7d8e9f0a1b2c,118845.98699277957
2025-07-21,f8a9b0c1-d2e3-4f4a-5b6c-7d8e9f0a1b2c,119221.44700563987
2025-07-28,f8a9b0c1-d2e3-4f4a-5b6c-7d8e9f0a1b2c,123898.07364025898
2025-08-04,f8a9b0c1-d2e3-4f4a-5b6c-7d8e9f0a1b2c,119483.74977343297
2025-08-11,f8a9b0c1-d2e3-4f4a-5b6c-7d8e9f0a1b2c,124277.65146923997
2025-08-18,f8a9b0c1-d2e3-4f4a-5b6c-7d8e9f0a1b2c,120720.08562821354
2025-08-25,f8a9b0c1-d2e3-4f4a-5b6c-7d8e9f0a1b2c,126156.41443661616
2025-09-01,f8a9b0c1-d2e3-4f4a-5b6c-7d8e9f0a1b2c,121182.92857039894
2025-09-08,f8a9b0c1-d2e3-4f4a-5b6c-7d8e9f0a1b2c,119066.33456593916
2025-09-15,f8a9b0c1-d2e3-4f4a-5b6c-7d8e9f0a1b2c,120794.32144408021
2025-09-22,f8a9b0c1-d2e3-4f4a-5b6c-7d8e9f0a1b2c,124218.24931117121
2025-09-29,f8a9b0c1-d2e3-4f4a-5b6c-7d8e9f0a1b2c,122262.75174214951
2025-10-06,f8a9b0c1-d2e3-4f4a-5b6c-7d8e9f0a1b2c,119873.90756161645
2025-10-13,f8a9b0c1-d2e3-4f4a-5b6c-7d8e9f0a1b2c,120952.57285607203
2025-10-20,f8a9b0c1-d2e3-4f4a-5b6c-7d8e9f0a1b2c,125228.1629470302
2025-10-27,f8a9b0c1-d2e3-4f4a-5b6c-7d8e9f0a1b2c,126047.39661567667
2025-11-03,f8a9b0c1-d2e3-4f4a-5b6c-7d8e9f0a1b2c,121839.21320490414
2025-11-10,f8a9b0c1-d2e3-4f4a-5b6c-7d8e9f0a1b2c,115909.74135472608
2025-11-17,f8a9b0c1-d2e3-4f4a-5b6c-7d8e9f0a1b2c,112130.37852631221
2025-11-24,f8a9b0c1-d2e3-4f4a-5b6c-7d8e9f0a1b2c,115983.51449316884
2025-12-01,f8a9b0c1-d2e3-4f4a-5b6c-7d8e9f0a1b2c,114494.95343996644
2025-12-08,f8a9b0c1-d2e3-4f4a-5b6c-7d8e9f0a1b2c,109939.12315158501
2025-12-15,f8a9b0c1-d2e3-4f4a-5b6c-7d8e9f0a1b2c,105412.34286719687
2025-12-22,f8a9b0c1-d2e3-4f4a-5b6c-7d8e9f0a1b2c,110631.99659719356
2025-12-29,f8a9b0c1-d2e3-4f4a-5b6c-7d8e9f0a1b2c,105590.60010378799
2025-01-06,a9b0c1d2-e3f4-4a5b-6c7d-8e9f0a1b2c3d,204706.47148478197
2025-01-13,a9b0c1d2-e3f4-4a5b-6c7d-8e9f0a1b2c3d,198538.61697207342
2025-01-20,a9b0c1d2-e3f4-4a5b-6c7d-8e9f0a1b2c3d,203917.64841918735
2025-01-27,a9b0c1d2-e3f4-4a5b-6c7d-8e9f0a1b2c3d,205343.18784181442
2025-02-03,a9b0c1d2-e3f4-4a5b-6c7d-8e9f0a1b2c3d,210080.58430558007
2025-02-10,a9b0c1d2-e3f4-4a5b-6c7d-8e9f0a1b2c3d,205913.77397393502
2025-02-17,a9b0c1d2-e3f4-4a5b-6c7d-8e9f0a1b2c3d,197040.8244830878
2025-02-24,a9b0c1d2-e3f4-4a5b-6c7d-8e9f0a1b2c3d,188666.48067594698
2025-03-03,a9b0c1d2-e3f4-4a5b-6c7d-8e9f0a1b2c3d,197416.43808770852
2025-03-10,a9b0c1d2-e3f4-4a5b-6c7d-8e9f0a1b2c3d,205818.11482497895
2025-03-17,a9b0c1d2-e3f4-4a5b-6c7d-8e9f0a1b2c3d,208253.04893984564
2025-03-24,a9b0c1d2-e3f4-4a5b-6c7d-8e9f0a1b2c3d,213481.2334255337
2025-03-31,a9b0c1d2-e3f4-4a5b-6c7d-8e9f0a1b2c3d,202836.40914396083
2025-04-07,a9b0c1d2-e3f4-4a5b-6c7d-8e9f0a1b2c3d,199565.1166826418
2025-04-14,a9b0c1d2-e3f4-4a5b-6c7d-8e9f0a1b2c3d,193925.17893585973
2025-04-21,a9b0c1d2-e3f4-4a5b-6c7d-8e9f0a1b2c3d,190890.52307634844
2025-04-28,a9b0c1d2-e3f4-4a5b-6c7d-8e9f0a1b2c3d,192662.18997818537
2025-05-05,a9b0c1d2-e3f4-4a5b-6c7d-8e9f0a1b2c3d,198347.83134478226
2025-05-12,a9b0c1d2-e3f4-4a5b-6c7d-8e9f0a1b2c3d,194672.9911727111
2025-05-19,a9b0c1d2-e3f4-4a5b-6c7d-8e9f0a1b2c3d,190857.78700222896
2025-05-26,a9b0c1d2-e3f4-4a5b-6c7d-8e9f0a1b2c3d,198851.42360372367
2025-06-02,a9b0c1d2-e3f4-4a5b-6c7d-8e9f0a1b2c3d,193971.4150992471
2025-06-09,a9b0c1d2-e3f4-4a5b-6c7d-8e9f0a1b2c3d,184603.02082280905
2025-06-16,a9b0c1d2-e3f4-4a5b-6c7d-8e9f0a1b2c3d,180159.67154875564
2025-06-23,a9b0c1d2-e3f4-4a5b-6c7d-8e9f0a1b2c3d,185263.373314671
2025-06-30,a9b0c1d2-e3f4-4a5b-6c7d-8e9f0a1b2c3d,192651.5097319976
2025-07-07,a9b0c1d2-e3f4-4a5b-6c7d-8e9f0a1b2c3d,187198.2143576378
2025-07-14,a9b0c1d2-e3f4-4a5b-6c7d-8e9f0a1b2c3d,179858.38329007544
2025-07-21,a9b0c1d2-e3f4-4a5b-6c7d-8e9f0a1b2c3d,188524.31179394407
2025-07-28,a9b0c1d2-e3f4-4a5b-6c7d-8e9f0a1b2c3d,191397.57645157937
2025-08-04,a9b0c1d2-e3f4-4a5b-6c7d-8e9f0a1b2c3d,188402.31418809888
2025-08-11,a9b0c1d2-e3f4-4a5b-6c7d-8e9f0a1b2c3d,181769.91819182876
2025-08-18,a9b0c1d2-e3f4-4a5b-6c7d-8e9f0a1b2c3d,186776.10822773556
2025-08-25,a9b0c1d2-e3f4-4a5b-6c7d-8e9f0a1b2c3d,179408.46420170294
2025-09-01,a9b0c1d2-e3f4-4a5b-6c7d-8e9f0a1b2c3d,188232.11662771468
2025-09-08,a9b0c1d2-e3f4-4a5b-6c7d-8e9f0a1b2c3d,191935.0231168696
2025-09-15,a9b0c1d2-e3f4-4a5b-6c7d-8e9f0a1b2c3d,192318.2870186377
2025-09-22,a9b0c1d2-e3f4-4a5b-6c7d-8e9f0a1b2c3d,201629.84949632204
2025-09-29,a9b0c1d2-e3f4-4a5b-6c7d-8e9f0a1b2c3d,208046.57837751549
2025-10-06,a9b0c1d2-e3f4-4a5b-6c7d-8e9f0a1b2c3d,215680.39796734788
2025-10-13,a9b0c1d2-e3f4-4a5b-6c7d-8e9f0a1b2c3d,212444.21700455534
2025-10-20,a9b0c1d2-e3f4-4a5b-6c7d-8e9f0a1b2c3d,211634.818334207
2025-10-27,a9b0c1d2-e3f4-4a5b-6c7d-8e9f0a1b2c3d,201190.5619477625
2025-11-03,a9b0c1d2-e3f4-4a5b-6c7d-8e9f0a1b2c3d,195513.32841618542
2025-11-10,a9b0c1d2-e3f4-4a5b-6c7d-8e9f0a1b2c3d,201100.46577875665
2025-11-17,a9b0c1d2-e3f4-4a5b-6c7d-8e9f0a1b2c3d,197990.43282884802
2025-11-24,a9b0c1d2-e3f4-4a5b-6c7d-8e9f0a1b2c3d,194920.58036146502
2025-12-01,a9b0c1d2-e3f4-4a5b-6c7d-8e9f0a1b2c3d,187512.4314176132
2025-12-08,a9b0c1d2-e3f4-4a5b-6c7d-8e9f0a1b2c3d,179710.55792324123
2025-12-15,a9b0c1d2-e3f4-4a5b-6c7d-8e9f0a1b2c3d,176712.03241655603
2025-12-22,a9b0c1d2-e3f4-4a5b-6c7d-8e9f0a1b2c3d,176625.2304947744
2025-12-29,a9b0c1d2-e3f4-4a5b-6c7d-8e9f0a1b2c3d,178675.62461317415
2025-01-06,b0c1d2e3-f4a5-4b6c-7d8e-9f0a1b2c3d4e,81552.74252103463
2025-01-13,b0c1d2e3-f4a5-4b6c-7d8e-9f0a1b2c3d4e,77504.69299725948
2025-01-20,b0c1d2e3-f4a5-4b6c-7d8e-9f0a1b2c3d4e,79226.66188137066
2025-01-27,b0c1d2e3-f4a5-4b6c-7d8e-9f0a1b2c3d4e,75829.61669033415
2025-02-03,b0c1d2e3-f4a5-4b6c-7d8e-9f0a1b2c3d4e,72414.53564006831
2025-02-10,b0c1d2e3-f4a5-4b6c-7d8e-9f0a1b2c3d4e,69791.94886389795
2025-02-17,b0c1d2e3-f4a5-4b6c-7d8e-9f0a1b2c3d4e,68674.30410831518
2025-02-24,b0c1d2e3-f4a5-4b6c-7d8e-9f0a1b2c3d4e,65473.50166510286
2025-03-03,b0c1d2e3-f4a5-4b6c-7d8e-9f0a1b2c3d4e,62371.3549531396
2025-03-10,b0c1d2e3-f4a5-4b6c-7d8e-9f0a1b2c3d4e,64043.35340239421
2025-03-17,b0c1d2e3-f4a5-4b6c-7d8e-9f0a1b2c3d4e,65587.96488093655
2025-03-24,b0c1d2e3-f4a5-4b6c-7d8e-9f0a1b2c3d4e,65081.75724753049
2025-03-31,b0c1d2e3-f4a5-4b6c-7d8e-9f0a1b2c3d4e,62233.69772442613
2025-04-07,b0c1d2e3-f4a5-4b6c-7d8e-9f0a1b2c3d4e,63718.28933438193
2025-04-14,b0c1d2e3-f4a5-4b6c-7d8e-9f0a1b2c3d4e,64379.61404992117
2025-04-21,b0c1d2e3-f4a5-4b6c-7d8e-9f0a1b2c3d4e,66422.67041552573
2025-04-28,b0c1d2e3-f4a5-4b6c-7d8e-9f0a1b2c3d4e,69101.6923981376
2025-05-05,b0c1d2e3-f4a5-4b6c-7d8e-9f0a1b2c3d4e,67607.81091763523
2025-05-12,b0c1d2e3-f4a5-4b6c-7d8e-9f0a1b2c3d4e,66177.87159626823
2025-05-19,b0c1d2e3-f4a5-4b6c-7d8e-9f0a1b2c3d4e,68480.79521660792
2025-05-26,b0c1d2e3-f4a5-4b6c-7d8e-9f0a1b2c3d4e,67707.78131157611
2025-06-02,b0c1d2e3-f4a5-4b6c-7d8e-9f0a1b2c3d4e,66137.94274702622
2025-06-09,b0c1d2e3-f4a5-4b6c-7d8e-9f0a1b2c3d4e,65369.97544545885
2025-06-16,b0c1d2e3-f4a5-4b6c-7d8e-9f0a1b2c3d4e,67861.18496405332
2025-06-23,b0c1d2e3-f4a5-4b6c-7d8e-9f0a1b2c3d4e,69010.208161589
2025-06-30,b0c1d2e3-f4a5-4b6c-7d8e-9f0a1b2c3d4e,68453.86226888442
2025-07-07,b0c1d2e3-f4a5-4b6c-7d8e-9f0a1b2c3d4e,65847.27137303156
2025-07-14,b0c1d2e3-f4a5-4b6c-7d8e-9f0a1b2c3d4e,66330.95418100165
2025-07-21,b0c1d2e3-f4a5-4b6c-7d8e-9f0a1b2c3d4e,63538.08413871538
2025-07-28,b0c1d2e3-f4a5-4b6c-7d8e-9f0a1b2c3d4e,64306.858382135
2025-08-04,b0c1d2e3-f4a5-4b6c-7d8e-9f0a1b2c3d4e,66960.52028456982
2025-08-11,b0c1d2e3-f4a5-4b6c-7d8e-9f0a1b2c3d4e,66974.8862508023
2025-08-18,b0c1d2e3-f4a5-4b6c-7d8e-9f0a1b2c3d4e,66533.4213056046
2025-08-25,b0c1d2e3-f4a5-4b6c-7d8e-9f0a1b2c3d4e,68088.04446673104
2025-09-01,b0c1d2e3-f4a5-4b6c-7d8e-9f0a1b2c3d4e,68949.25359256928
2025-09-08,b0c1d2e3-f4a5-4b6c-7d8e-9f0a1b2c3d4e,67338.09373304978
2025-09-15,b0c1d2e3-f4a5-4b6c-7d8e-9f0a1b2c3d4e,64394.61239610525
2025-09-22,b0c1d2e3-f4a5-4b6c-7d8e-9f0a1b2c3d4e,66561.11645444437
2025-09-29,b0c1d2e3-f4a5-4b6c-7d8e-9f0a1b2c3d4e,69301.78272642769
2025-10-06,b0c1d2e3-f4a5-4b6c-7d8e-9f0a1b2c3d4e,68839.88365762701
2025-10-13,b0c1d2e3-f4a5-4b6c-7d8e-9f0a1b2c3d4e,66946.69659710505
2025-10-20,b0c1d2e3-f4a5-4b6c-7d8e-9f0a1b2c3d4e,64675.83551733054
2025-10-27,b0c1d2e3-f4a5-4b6c-7d8e-9f0a1b2c3d4e,65785.39528313067
2025-11-03,b0c1d2e3-f4a5-4b6c-7d8e-9f0a1b2c3d4e,66196.01160621093
2025-11-10,b0c1d2e3-f4a5-4b6c-7d8e-9f0a1b2c3d4e,66097.33463062755
2025-11-17,b0c1d2e3-f4a5-4b6c-7d8e-9f0a1b2c3d4e,64848.12369836014
2025-11-24,b0c1d2e3-f4a5-4b6c-7d8e-9f0a1b2c3d4e,66824.88781103719
2025-12-01,b0c1d2e3-f4a5-4b6c-7d8e-9f0a1b2c3d4e,65173.830869963946
2025-12-08,b0c1d2e3-f4a5-4b6c-7d8e-9f0a1b2c3d4e,62444.37140530358
2025-12-15,b0c1d2e3-f4a5-4b6c-7d8e-9f0a1b2c3d4e,63225.90380948506
2025-12-22,b0c1d2e3-f4a5-4b6c-7d8e-9f0a1b2c3d4e,63379.52033726387
2025-12-29,b0c1d2e3-f4a5-4b6c-7d8e-9f0a1b2c3d4e,62752.91646660881
2025-01-06,c1d2e3f4-a5b6-4c7d-8e9f-0a1b2c3d4e5f,95336.68090536045
2025-01-13,c1d2e3f4-a5b6-4c7d-8e9f-0a1b2c3d4e5f,90992.65123829884
2025-01-20,c1d2e3f4-a5b6-4c7d-8e9f-0a1b2c3d4e5f,90071.04448638514
2025-01-27,c1d2e3f4-a5b6-4c7d-8e9f-0a1b2c3d4e5f,86701.83631493548
2025-02-03,c1d2e3f4-a5b6-4c7d-8e9f-0a1b2c3d4e5f,82603.93825079314
2025-02-10,c1d2e3f4-a5b6-4c7d-8e9f-0a1b2c3d4e5f,80562.73774578488
2025-02-17,c1d2e3f4-a5b6-4c7d-8e9f-0a1b2c3d4e5f,83737.4428011855
2025-02-24,c1d2e3f4-a5b6-4c7d-8e9f-0a1b2c3d4e5f,86870.85610340722
2025-03-03,c1d2e3f4-a5b6-4c7d-8e9f-0a1b2c3d4e5f,90583.5576506993
2025-03-10,c1d2e3f4-a5b6-4c7d-8e9f-0a1b2c3d4e5f,87297.4801178793
2025-03-17,c1d2e3f4-a5b6-4c7d-8e9f-0a1b2c3d4e5f,84933.84414795709
2025-03-24,c1d2e3f4-a5b6-4c7d-8e9f-0a1b2c3d4e5f,81745.43028725198
2025-03-31,c1d2e3f4-a5b6-4c7d-8e9f-0a1b2c3d4e5f,83482.51854216977
2025-04-07,c1d2e3f4-a5b6-4c7d-8e9f-0a1b2c3d4e5f,86619.27555017054
2025-04-14,c1d2e3f4-a5b6-4c7d-8e9f-0a1b2c3d4e5f,82781.28023420594
2025-04-21,c1d2e3f4-a5b6-4c7d-8e9f-0a1b2c3d4e5f,82860.81309564893
2025-04-28,c1d2e3f4-a5b6-4c7d-8e9f-0a1b2c3d4e5f,82339.66932368328
2025-05-05,c1d2e3f4-a5b6-4c7d-8e9f-0a1b2c3d4e5f,86115.13162451907
2025-05-12,c1d2e3f4-a5b6-4c7d-8e9f-0a1b2c3d4e5f,88333.20934249218
2025-05-19,c1d2e3f4-a5b6-4c7d-8e9f-0a1b2c3d4e5f,84565.35863172205
2025-05-26,c1d2e3f4-a5b6-4c7d-8e9f-0a1b2c3d4e5f,82728.40002123258
2025-06-02,c1d2e3f4-a5b6-4c7d-8e9f-0a1b2c3d4e5f,85528.34757462662
2025-06-09,c1d2e3f4-a5b6-4c7d-8e9f-0a1b2c3d4e5f,83306.90572138966
2025-06-16,c1d2e3f4-a5b6-4c7d-8e9f-0a1b2c3d4e5f,79231.40978737231
2025-06-23,c1d2e3f4-a5b6-4c7d-8e9f-0a1b2c3d4e5f,82402.76454721358
2025-06-30,c1d2e3f4-a5b6-4c7d-8e9f-0a1b2c3d4e5f,80425.39127530089
2025-07-07,c1d2e3f4-a5b6-4c7d-8e9f-0a1b2c3d4e5f,82468.13177887564
2025-07-14,c1d2e3f4-a5b6-4c7d-8e9f-0a1b2c3d4e5f,86532.71785462434
2025-07-21,c1d2e3f4-a5b6-4c7d-8e9f-0a1b2c3d4e5f,90595.18214040413
2025-07-28,c1d2e3f4-a5b6-4c7d-8e9f-0a1b2c3d4e5f,87824.9049028895
2025-08-04,c1d2e3f4-a5b6-4c7d-8e9f-0a1b2c3d4e5f,84406.77431290023
2025-08-11,c1d2e3f4-a5b6-4c7d-8e9f-0a1b2c3d4e5f,82676.59219469973
2025-08-18,c1d2e3f4-a5b6-4c7d-8e9f-0a1b2c3d4e5f,79628.07651511613
2025-08-25,c1d2e3f4-a5b6-4c7d-8e9f-0a1b2c3d4e5f,76103.21342803432
2025-09-01,c1d2e3f4-a5b6-4c7d-8e9f-0a1b2c3d4e5f,72866.19436589623
2025-09-08,c1d2e3f4-a5b6-4c7d-8e9f-0a1b2c3d4e5f,72613.19016081918
2025-09-15,c1d2e3f4-a5b6-4c7d-8e9f-0a1b2c3d4e5f,75328.3673544756
2025-09-22,c1d2e3f4-a5b6-4c7d-8e9f-0a1b2c3d4e5f,73218.57732833356
2025-09-29,c1d2e3f4-a5b6-4c7d-8e9f-0a1b2c3d4e5f,69598.9587233363
2025-10-06,c1d2e3f4-a5b6-4c7d-8e9f-0a1b2c3d4e5f,68497.49941203892
2025-10-13,c1d2e3f4-a5b6-4c7d-8e9f-0a1b2c3d4e5f,69644.39200476959
2025-10-20,c1d2e3f4-a5b6-4c7d-8e9f-0a1b2c3d4e5f,66203.656105714
2025-10-27,c1d2e3f4-a5b6-4c7d-8e9f-0a1b2c3d4e5f,66528.3025342587
2025-11-03,c1d2e3f4-a5b6-4c7d-8e9f-0a1b2c3d4e5f,66787.77559788879
2025-11-10,c1d2e3f4-a5b6-4c7d-8e9f-0a1b2c3d4e5f,67358.61479778556
2025-11-17,c1d2e3f4-a5b6-4c7d-8e9f-0a1b2c3d4e5f,65930.78377847867
2025-11-24,c1d2e3f4-a5b6-4c7d-8e9f-0a1b2c3d4e5f,68083.16393431605
2025-12-01,c1d2e3f4-a5b6-4c7d-8e9f-0a1b2c3d4e5f,67789.70385987218
2025-12-08,c1d2e3f4-a5b6-4c7d-8e9f-0a1b2c3d4e5f,66408.79041032612
2025-12-15,c1d2e3f4-a5b6-4c7d-8e9f-0a1b2c3d4e5f,64950.35327286401
2025-12-22,c1d2e3f4-a5b6-4c7d-8e9f-0a1b2c3d4e5f,63413.66118484872
2025-12-29,c1d2e3f4-a5b6-4c7d-8e9f-0a1b2c3d4e5f,64251.810738244414
2025-01-06,d2e3f4a5-b6c7-4d8e-9f0a-1b2c3d4e5f6a,52864.34978410169
2025-01-13,d2e3f4a5-b6c7-4d8e-9f0a-1b2c3d4e5f6a,50755.636491662604
2025-01-20,d2e3f4a5-b6c7-4d8e-9f0a-1b2c3d4e5f6a,50123.119681751145
2025-01-27,d2e3f4a5-b6c7-4d8e-9f0a-1b2c3d4e5f6a,52044.442974078964
2025-02-03,d2e3f4a5-b6c7-4d8e-9f0a-1b2c3d4e5f6a,52762.29691417027
2025-02-10,d2e3f4a5-b6c7-4d8e-9f0a-1b2c3d4e5f6a,55054.29243444144
2025-02-17,d2e3f4a5-b6c7-4d8e-9f0a-1b2c3d4e5f6a,53952.22735332524
2025-02-24,d2e3f4a5-b6c7-4d8e-9f0a-1b2c3d4e5f6a,54191.122536731724
2025-03-03,d2e3f4a5-b6c7-4d8e-9f0a-1b2c3d4e5f6a,52974.8754350702
2025-03-10,d2e3f4a5-b6c7-4d8e-9f0a-1b2c3d4e5f6a,53023.47457997372
2025-03-17,d2e3f4a5-b6c7-4d8e-9f0a-1b2c3d4e5f6a,54702.90907663314
2025-03-24,d2e3f4a5-b6c7-4d8e-9f0a-1b2c3d4e5f6a,53955.47787591488
2025-03-31,d2e3f4a5-b6c7-4d8e-9f0a-1b2c3d4e5f6a,52030.529188595785
2025-04-07,d2e3f4a5-b6c7-4d8e-9f0a-1b2c3d4e5f6a,53972.310008564
2025-04-14,d2e3f4a5-b6c7-4d8e-9f0a-1b2c3d4e5f6a,56636.833580167004
2025-04-21,d2e3f4a5-b6c7-4d8e-9f0a-1b2c3d4e5f6a,54358.75551667195
2025-04-28,d2e3f4a5-b6c7-4d8e-9f0a-1b2c3d4e5f6a,51904.9086186399
2025-05-05,d2e3f4a5-b6c7-4d8e-9f0a-1b2c3d4e5f6a,50472.413719524964
2025-05-12,d2e3f4a5-b6c7-4d8e-9f0a-1b2c3d4e5f6a,50184.753948569436
2025-05-19,d2e3f4a5-b6c7-4d8e-9f0a-1b2c3d4e5f6a,49066.15797106166
2025-05-26,d2e3f4a5-b6c7-4d8e-9f0a-1b2c3d4e5f6a,49486.87225028502
2025-06-02,d2e3f4a5-b6c7-4d8e-9f0a-1b2c3d4e5f6a,50329.98020903906
2025-06-09,d2e3f4a5-b6c7-4d8e-9f0a-1b2c3d4e5f6a,52315.532809578566
2025-06-16,d2e3f4a5-b6c7-4d8e-9f0a-1b2c3d4e5f6a,54253.67582794474
2025-06-23,d2e3f4a5-b6c7-4d8e-9f0a-1b2c3d4e5f6a,54200.15110003002
2025-06-30,d2e3f4a5-b6c7-4d8e-9f0a-1b2c3d4e5f6a,56404.94261950958
2025-07-07,d2e3f4a5-b6c7-4d8e-9f0a-1b2c3d4e5f6a,55741.78958803482
2025-07-14,d2e3f4a5-b6c7-4d8e-9f0a-1b2c3d4e5f6a,55969.78621872158
2025-07-21,d2e3f4a5-b6c7-4d8e-9f0a-1b2c3d4e5f6a,53650.76096018006
2025-07-28,d2e3f4a5-b6c7-4d8e-9f0a-1b2c3d4e5f6a,51875.5393337803
2025-08-04,d2e3f4a5-b6c7-4d8e-9f0a-1b2c3d4e5f6a,53506.03580009112
2025-08-11,d2e3f4a5-b6c7-4d8e-9f0a-1b2c3d4e5f6a,52529.85265893927
2025-08-18,d2e3f4a5-b6c7-4d8e-9f0a-1b2c3d4e5f6a,54635.14020432363
2025-08-25,d2e3f4a5-b6c7-4d8e-9f0a-1b2c3d4e5f6a,57033.04785213396
2025-09-01,d2e3f4a5-b6c7-4d8e-9f0a-1b2c3d4e5f6a,57607.61722075494
2025-09-08,d2e3f4a5-b6c7-4d8e-9f0a-1b2c3d4e5f6a,55414.20580042228
2025-09-15,d2e3f4a5-b6c7-4d8e-9f0a-1b2c3d4e5f6a,54502.530932784044
2025-09-22,d2e3f4a5-b6c7-4d8e-9f0a-1b2c3d4e5f6a,56425.3927031518
2025-09-29,d2e3f4a5-b6c7-4d8e-9f0a-1b2c3d4e5f6a,58662.56174021391
2025-10-06,d2e3f4a5-b6c7-4d8e-9f0a-1b2c3d4e5f6a,57593.49379584146
2025-10-13,d2e3f4a5-b6c7-4d8e-9f0a-1b2c3d4e5f6a,60003.844042968776
2025-10-20,d2e3f4a5-b6c7-4d8e-9f0a-1b2c3d4e5f6a,61885.506234345325
2025-10-27,d2e3f4a5-b6c7-4d8e-9f0a-1b2c3d4e5f6a,59567.408635397405
2025-11-03,d2e3f4a5-b6c7-4d8e-9f0a-1b2c3d4e5f6a,57715.93205026963
2025-11-10,d2e3f4a5-b6c7-4d8e-9f0a-1b2c3d4e5f6a,56934.955454074305
2025-11-17,d2e3f4a5-b6c7-4d8e-9f0a-1b2c3d4e5f6a,56599.084804888116
2025-11-24,d2e3f4a5-b6c7-4d8e-9f0a-1b2c3d4e5f6a,57346.276244644934
2025-12-01,d2e3f4a5-b6c7-4d8e-9f0a-1b2c3d4e5f6a,56047.314023145955
2025-12-08,d2e3f4a5-b6c7-4d8e-9f0a-1b2c3d4e5f6a,56081.34075820894
2025-12-15,d2e3f4a5-b6c7-4d8e-9f0a-1b2c3d4e5f6a,54021.632645388185
2025-12-22,d2e3f4a5-b6c7-4d8e-9f0a-1b2c3d4e5f6a,52479.28143982962
2025-12-29,d2e3f4a5-b6c7-4d8e-9f0a-1b2c3d4e5f6a,51760.5660595411
2025-01-06,e3f4a5b6-c7d8-4e9f-0a1b-2c3d4e5f6a7b,124110.2048167502
2025-01-13,e3f4a5b6-c7d8-4e9f-0a1b-2c3d4e5f6a7b,119561.1366439736
2025-01-20,e3f4a5b6-c7d8-4e9f-0a1b-2c3d4e5f6a7b,122888.64130976585
2025-01-27,e3f4a5b6-c7d8-4e9f-0a1b-2c3d4e5f6a7b,120974.63714032288
2025-02-03,e3f4a5b6-c7d8-4e9f-0a1b-2c3d4e5f6a7b,122761.15333110458
2025-02-10,e3f4a5b6-c7d8-4e9f-0a1b-2c3d4e5f6a7b,123910.05791548257
2025-02-17,e3f4a5b6-c7d8-4e9f-0a1b-2c3d4e5f6a7b,122753.04974801083
2025-02-24,e3f4a5b6-c7d8-4e9f-0a1b-2c3d4e5f6a7b,122133.1332102266
2025-03-03,e3f4a5b6-c7d8-4e9f-0a1b-2c3d4e5f6a7b,123462.71567578202
2025-03-10,e3f4a5b6-c7d8-4e9f-0a1b-2c3d4e5f6a7b,126537.82633678192
2025-03-17,e3f4a5b6-c7d8-4e9f-0a1b-2c3d4e5f6a7b,129141.05660020761
2025-03-24,e3f4a5b6-c7d8-4e9f-0a1b-2c3d4e5f6a7b,126270.41772229964
2025-03-31,e3f4a5b6-c7d8-4e9f-0a1b-2c3d4e5f6a7b,120490.95072689405
2025-04-07,e3f4a5b6-c7d8-4e9f-0a1b-2c3d4e5f6a7b,117230.87156263515
2025-04-14,e3f4a5b6-c7d8-4e9f-0a1b-2c3d4e5f6a7b,113973.10966695499
2025-04-21,e3f4a5b6-c7d8-4e9f-0a1b-2c3d4e5f6a7b,110605.65723869209
2025-04-28,e3f4a5b6-c7d8-4e9f-0a1b-2c3d4e5f6a7b,106631.19949363134
2025-05-05,e3f4a5b6-c7d8-4e9f-0a1b-2c3d4e5f6a7b,102613.37870176401
2025-05-12,e3f4a5b6-c7d8-4e9f-0a1b-2c3d4e5f6a7b,103586.17069132658
2025-05-19,e3f4a5b6-c7d8-4e9f-0a1b-2c3d4e5f6a7b,101081.43086702177
2025-05-26,e3f4a5b6-c7d8-4e9f-0a1b-2c3d4e5f6a7b,98570.6030009314
2025-06-02,e3f4a5b6-c7d8-4e9f-0a1b-2c3d4e5f6a7b,96203.220006948
2025-06-09,e3f4a5b6-c7d8-4e9f-0a1b-2c3d4e5f6a7b,92871.09144525982
2025-06-16,e3f4a5b6-c7d8-4e9f-0a1b-2c3d4e5f6a7b,89649.58218158313
2025-06-23,e3f4a5b6-c7d8-4e9f-0a1b-2c3d4e5f6a7b,86970.51639662935
2025-06-30,e3f4a5b6-c7d8-4e9f-0a1b-2c3d4e5f6a7b,88352.22407331986
2025-07-07,e3f4a5b6-c7d8-4e9f-0a1b-2c3d4e5f6a7b,88283.16451456468
2025-07-14,e3f4a5b6-c7d8-4e9f-0a1b-2c3d4e5f6a7b,84823.03429338746
2025-07-21,e3f4a5b6-c7d8-4e9f-0a1b-2c3d4e5f6a7b,87003.45434968524
2025-07-28,e3f4a5b6-c7d8-4e9f-0a1b-2c3d4e5f6a7b,83755.34697341439
2025-08-04,e3f4a5b6-c7d8-4e9f-0a1b-2c3d4e5f6a7b,83211.19143728132
2025-08-11,e3f4a5b6-c7d8-4e9f-0a1b-2c3d4e5f6a7b,79723.3766651316
2025-08-18,e3f4a5b6-c7d8-4e9f-0a1b-2c3d4e5f6a7b,76382.02729660297
2025-08-25,e3f4a5b6-c7d8-4e9f-0a1b-2c3d4e5f6a7b,75557.23619297572
2025-09-01,e3f4a5b6-c7d8-4e9f-0a1b-2c3d4e5f6a7b,72686.70985982804
2025-09-08,e3f4a5b6-c7d8-4e9f-0a1b-2c3d4e5f6a7b,76214.94581988986
2025-09-15,e3f4a5b6-c7d8-4e9f-0a1b-2c3d4e5f6a7b,76384.94885085332
2025-09-22,e3f4a5b6-c7d8-4e9f-0a1b-2c3d4e5f6a7b,76534.75057278931
2025-09-29,e3f4a5b6-c7d8-4e9f-0a1b-2c3d4e5f6a7b,72993.75101067942
2025-10-06,e3f4a5b6-c7d8-4e9f-0a1b-2c3d4e5f6a7b,72648.66834868444
2025-10-13,e3f4a5b6-c7d8-4e9f-0a1b-2c3d4e5f6a7b,71268.5504723552
2025-10-20,e3f4a5b6-c7d8-4e9f-0a1b-2c3d4e5f6a7b,70080.15571252175
2025-10-27,e3f4a5b6-c7d8-4e9f-0a1b-2c3d4e5f6a7b,73351.58613712655
2025-11-03,e3f4a5b6-c7d8-4e9f-0a1b-2c3d4e5f6a7b,76166.66596312902
2025-11-10,e3f4a5b6-c7d8-4e9f-0a1b-2c3d4e5f6a7b,74726.28418962428
2025-11-17,e3f4a5b6-c7d8-4e9f-0a1b-2c3d4e5f6a7b,77242.29648467136
2025-11-24,e3f4a5b6-c7d8-4e9f-0a1b-2c3d4e5f6a7b,77652.58405924677
2025-12-01,e3f4a5b6-c7d8-4e9f-0a1b-2c3d4e5f6a7b,78679.8613761976
2025-12-08,e3f4a5b6-c7d8-4e9f-0a1b-2c3d4e5f6a7b,78212.5242700565
2025-12-15,e3f4a5b6-c7d8-4e9f-0a1b-2c3d4e5f6a7b,75856.07058090401
2025-12-22,e3f4a5b6-c7d8-4e9f-0a1b-2c3d4e5f6a7b,77024.46770146814
2025-12-29,e3f4a5b6-c7d8-4e9f-0a1b-2c3d4e5f6a7b,76976.96034003461
2025-01-06,f4a5b6c7-d8e9-4f0a-1b2c-3d4e5f6a7b8c,266470.27661970933
2025-01-13,f4a5b6c7-d8e9-4f0a-1b2c-3d4e5f6a7b8c,271276.6042258724
2025-01-20,f4a5b6c7-d8e9-4f0a-1b2c-3d4e5f6a7b8c,257723.84411059023
2025-01-27,f4a5b6c7-d8e9-4f0a-1b2c-3d4e5f6a7b8c,266052.6016387308
2025-02-03,f4a5b6c7-d8e9-4f0a-1b2c-3d4e5f6a7b8c,278254.73034293903
2025-02-10,f4a5b6c7-d8e9-4f0a-1b2c-3d4e5f6a7b8c,268246.5885926774
2025-02-17,f4a5b6c7-d8e9-4f0a-1b2c-3d4e5f6a7b8c,255042.78975906427
2025-02-24,f4a5b6c7-d8e9-4f0a-1b2c-3d4e5f6a7b8c,261271.11541710116
2025-03-03,f4a5b6c7-d8e9-4f0a-1b2c-3d4e5f6a7b8c,262046.99816851746
2025-03-10,f4a5b6c7-d8e9-4f0a-1b2c-3d4e5f6a7b8c,262551.8124427062
2025-03-17,f4a5b6c7-d8e9-4f0a-1b2c-3d4e5f6a7b8c,254348.20925404286
2025-03-24,f4a5b6c7-d8e9-4f0a-1b2c-3d4e5f6a7b8c,261477.4229392735
2025-03-31,f4a5b6c7-d8e9-4f0a-1b2c-3d4e5f6a7b8c,259707.21980175737
2025-04-07,f4a5b6c7-d8e9-4f0a-1b2c-3d4e5f6a7b8c,259213.58174193956
2025-04-14,f4a5b6c7-d8e9-4f0a-1b2c-3d4e5f6a7b8c,263119.850778364
2025-04-21,f4a5b6c7-d8e9-4f0a-1b2c-3d4e5f6a7b8c,270294.2012845072
2025-04-28,f4a5b6c7-d8e9-4f0a-1b2c-3d4e5f6a7b8c,281667.8627311067
2025-05-05,f4a5b6c7-d8e9-4f0a-1b2c-3d4e5f6a7b8c,272575.5476263199
2025-05-12,f4a5b6c7-d8e9-4f0a-1b2c-3d4e5f6a7b8c,279981.67167332914
2025-05-19,f4a5b6c7-d8e9-4f0a-1b2c-3d4e5f6a7b8c,283988.82493926946
2025-05-26,f4a5b6c7-d8e9-4f0a-1b2c-3d4e5f6a7b8c,287610.2814005307
2025-06-02,f4a5b6c7-d8e9-4f0a-1b2c-3d4e5f6a7b8c,293697.61816956714
2025-06-09,f4a5b6c7-d8e9-4f0a-1b2c-3d4e5f6a7b8c,285987.75880968873
2025-06-16,f4a5b6c7-d8e9-4f0a-1b2c-3d4e5f6a7b8c,279615.52087221044
2025-06-23,f4a5b6c7-d8e9-4f0a-1b2c-3d4e5f6a7b8c,274948.8544476454
2025-06-30,f4a5b6c7-d8e9-4f0a-1b2c-3d4e5f6a7b8c,288140.1393677327
2025-07-07,f4a5b6c7-d8e9-4f0a-1b2c-3d4e5f6a7b8c,284337.383940183
2025-07-14,f4a5b6c7-d8e9-4f0a-1b2c-3d4e5f6a7b8c,272337.1814464681
2025-07-21,f4a5b6c7-d8e9-4f0a-1b2c-3d4e5f6a7b8c,270382.73258938314
2025-07-28,f4a5b6c7-d8e9-4f0a-1b2c-3d4e5f6a7b8c,273946.23034396954
2025-08-04,f4a5b6c7-d8e9-4f0a-1b2c-3d4e5f6a7b8c,281954.11129074066
2025-08-11,f4a5b6c7-d8e9-4f0a-1b2c-3d4e5f6a7b8c,280977.89201035665
2025-08-18,f4a5b6c7-d8e9-4f0a-1b2c-3d4e5f6a7b8c,286141.5593272356
2025-08-25,f4a5b6c7-d8e9-4f0a-1b2c-3d4e5f6a7b8c,292916.81753354555
2025-09-01,f4a5b6c7-d8e9-4f0a-1b2c-3d4e5f6a7b8c,283630.98826924467
2025-09-08,f4a5b6c7-d8e9-4f0a-1b2c-3d4e5f6a7b8c,290178.80662512395
2025-09-15,f4a5b6c7-d8e9-4f0a-1b2c-3d4e5f6a7b8c,290123.44818824093
2025-09-22,f4a5b6c7-d8e9-4f0a-1b2c-3d4e5f6a7b8c,286631.61985779734
2025-09-29,f4a5b6c7-d8e9-4f0a-1b2c-3d4e5f6a7b8c,292171.0787686831
2025-10-06,f4a5b6c7-d8e9-4f0a-1b2c-3d4e5f6a7b8c,305966.23590410076
2025-10-13,f4a5b6c7-d8e9-4f0a-1b2c-3d4e5f6a7b8c,309326.8189155055
2025-10-20,f4a5b6c7-d8e9-4f0a-1b2c-3d4e5f6a7b8c,320056.4281030086
2025-10-27,f4a5b6c7-d8e9-4f0a-1b2c-3d4e5f6a7b8c,314342.07074057293
2025-11-03,f4a5b6c7-d8e9-4f0a-1b2c-3d4e5f6a7b8c,301730.3564195548
2025-11-10,f4a5b6c7-d8e9-4f0a-1b2c-3d4e5f6a7b8c,294635.1462014071
2025-11-17,f4a5b6c7-d8e9-4f0a-1b2c-3d4e5f6a7b8c,308792.73586994456
2025-11-24,f4a5b6c7-d8e9-4f0a-1b2c-3d4e5f6a7b8c,310603.20018557046
2025-12-01,f4a5b6c7-d8e9-4f0a-1b2c-3d4e5f6a7b8c,309327.1274905977
2025-12-08,f4a5b6c7-d8e9-4f0a-1b2c-3d4e5f6a7b8c,296946.430954515
2025-12-15,f4a5b6c7-d8e9-4f0a-1b2c-3d4e5f6a7b8c,291507.4622371127
2025-12-22,f4a5b6c7-d8e9-4f0a-1b2c-3d4e5f6a7b8c,278717.14242789836
2025-12-29,f4a5b6c7-d8e9-4f0a-1b2c-3d4e5f6a7b8c,271459.0223104983
2025-01-06,a5b6c7d8-e9f0-4a1b-2c3d-4e5f6a7b8c9d,444778.5879285391
2025-01-13,a5b6c7d8-e9f0-4a1b-2c3d-4e5f6a7b8c9d,452697.24291834765
2025-01-20,a5b6c7d8-e9f0-4a1b-2c3d-4e5f6a7b8c9d,474777.5079726814
2025-01-27,a5b6c7d8-e9f0-4a1b-2c3d-4e5f6a7b8c9d,460884.737310874
2025-02-03,a5b6c7d8-e9f0-4a1b-2c3d-4e5f6a7b8c9d,444519.6643189134
2025-02-10,a5b6c7d8-e9f0-4a1b-2c3d-4e5f6a7b8c9d,453783.5441826454
2025-02-17,a5b6c7d8-e9f0-4a1b-2c3d-4e5f6a7b8c9d,446129.5059384221
2025-02-24,a5b6c7d8-e9f0-4a1b-2c3d-4e5f6a7b8c9d,455600.5101546359
2025-03-03,a5b6c7d8-e9f0-4a1b-2c3d-4e5f6a7b8c9d,462660.6573290995
2025-03-10,a5b6c7d8-e9f0-4a1b-2c3d-4e5f6a7b8c9d,440152.563451442
2025-03-17,a5b6c7d8-e9f0-4a1b-2c3d-4e5f6a7b8c9d,424535.9590291038
2025-03-24,a5b6c7d8-e9f0-4a1b-2c3d-4e5f6a7b8c9d,444600.87367184245
2025-03-31,a5b6c7d8-e9f0-4a1b-2c3d-4e5f6a7b8c9d,463005.1230033338
2025-04-07,a5b6c7d8-e9f0-4a1b-2c3d-4e5f6a7b8c9d,464891.58241164935
2025-04-14,a5b6c7d8-e9f0-4a1b-2c3d-4e5f6a7b8c9d,464952.38465049025
2025-04-21,a5b6c7d8-e9f0-4a1b-2c3d-4e5f6a7b8c9d,442601.95237352053
2025-04-28,a5b6c7d8-e9f0-4a1b-2c3d-4e5f6a7b8c9d,433755.7973317663
2025-05-05,a5b6c7d8-e9f0-4a1b-2c3d-4e5f6a7b8c9d,433390.64110865403
2025-05-12,a5b6c7d8-e9f0-4a1b-2c3d-4e5f6a7b8c9d,417863.6759853511
2025-05-19,a5b6c7d8-e9f0-4a1b-2c3d-4e5f6a7b8c9d,412211.1065085391
2025-05-26,a5b6c7d8-e9f0-4a1b-2c3d-4e5f6a7b8c9d,415838.59052400134
2025-06-02,a5b6c7d8-e9f0-4a1b-2c3d-4e5f6a7b8c9d,398445.1800730104
2025-06-09,a5b6c7d8-e9f0-4a1b-2c3d-4e5f6a7b8c9d,380936.7126698275
2025-06-16,a5b6c7d8-e9f0-4a1b-2c3d-4e5f6a7b8c9d,372111.45232137054
2025-06-23,a5b6c7d8-e9f0-4a1b-2c3d-4e5f6a7b8c9d,371943.1014346465
2025-06-30,a5b6c7d8-e9f0-4a1b-2c3d-4e5f6a7b8c9d,363181.1960940524
2025-07-07,a5b6c7d8-e9f0-4a1b-2c3d-4e5f6a7b8c9d,374757.85082311305
2025-07-14,a5b6c7d8-e9f0-4a1b-2c3d-4e5f6a7b8c9d,391798.92400744424
2025-07-21,a5b6c7d8-e9f0-4a1b-2c3d-4e5f6a7b8c9d,395817.96917845734
2025-07-28,a5b6c7d8-e9f0-4a1b-2c3d-4e5f6a7b8c9d,414858.4345106343
2025-08-04,a5b6c7d8-e9f0-4a1b-2c3d-4e5f6a7b8c9d,399457.0396007058
2025-08-11,a5b6c7d8-e9f0-4a1b-2c3d-4e5f6a7b8c9d,400520.03648807335
2025-08-18,a5b6c7d8-e9f0-4a1b-2c3d-4e5f6a7b8c9d,393623.24523340474
2025-08-25,a5b6c7d8-e9f0-4a1b-2c3d-4e5f6a7b8c9d,395038.94624984195
2025-09-01,a5b6c7d8-e9f0-4a1b-2c3d-4e5f6a7b8c9d,403958.0590617033
2025-09-08,a5b6c7d8-e9f0-4a1b-2c3d-4e5f6a7b8c9d,413792.12229453935
2025-09-15,a5b6c7d8-e9f0-4a1b-2c3d-4e5f6a7b8c9d,403298.99277114315
2025-09-22,a5b6c7d8-e9f0-4a1b-2c3d-4e5f6a7b8c9d,394782.28033430484
2025-09-29,a5b6c7d8-e9f0-4a1b-2c3d-4e5f6a7b8c9d,411812.551840209
2025-10-06,a5b6c7d8-e9f0-4a1b-2c3d-4e5f6a7b8c9d,430949.1605502371
2025-10-13,a5b6c7d8-e9f0-4a1b-2c3d-4e5f6a7b8c9d,427331.1412008991
2025-10-20,a5b6c7d8-e9f0-4a1b-2c3d-4e5f6a7b8c9d,425979.6017946049
2025-10-27,a5b6c7d8-e9f0-4a1b-2c3d-4e5f6a7b8c9d,445783.62234546366
2025-11-03,a5b6c7d8-e9f0-4a1b-2c3d-4e5f6a7b8c9d,463969.2740633573
2025-11-10,a5b6c7d8-e9f0-4a1b-2c3d-4e5f6a7b8c9d,482040.428262527
2025-11-17,a5b6c7d8-e9f0-4a1b-2c3d-4e5f6a7b8c9d,472337.4059231791
2025-11-24,a5b6c7d8-e9f0-4a1b-2c3d-4e5f6a7b8c9d,459575.8154769696
2025-12-01,a5b6c7d8-e9f0-4a1b-2c3d-4e5f6a7b8c9d,447841.8923131526
2025-12-08,a5b6c7d8-e9f0-4a1b-2c3d-4e5f6a7b8c9d,468878.6779271888
2025-12-15,a5b6c7d8-e9f0-4a1b-2c3d-4e5f6a7b8c9d,480964.82642781734
2025-12-22,a5b6c7d8-e9f0-4a1b-2c3d-4e5f6a7b8c9d,501322.6100402275
2025-12-29,a5b6c7d8-e9f0-4a1b-2c3d-4e5f6a7b8c9d,488550.11552681564
