date,gl_account_id,value_type_id,amount
2025-01-01,1010,2,15000000
2025-02-01,1010,2,15194000
2025-03-01,1010,2,15448294.23
2025-04-01,1010,2,15702878.21
2025-05-01,1010,2,15957747.59
2025-06-01,1010,2,16212898.14
2025-07-01,1010,2,16468325.76
2025-08-01,1010,2,16718990.28
2025-09-01,1010,2,16969918.37
2025-10-01,1010,2,17221106.42
2025-11-01,1010,2,17472550.94
2025-12-01,1010,2,17724248.49
2026-01-01,1010,2,17971131.68
2026-02-01,1010,2,18218256.06
2026-03-01,1010,2,18465618.6
2026-04-01,1010,2,18713216.36
2026-05-01,1010,2,18961046.45
2026-06-01,1010,2,19204015.86
2026-07-01,1010,2,19447207.07
2026-08-01,1010,2,19690617.54
2026-09-01,1010,2,19934244.76
2026-10-01,1010,2,20178086.28
2026-11-01,1010,2,20422139.71
2026-12-01,1010,2,20661283.11
2027-01-01,1010,2,20900629.13
2027-02-01,1010,2,21140175.65
2027-03-01,1010,2,21379920.56
2027-04-01,1010,2,21619861.82
2027-05-01,1010,2,21854854.73
2027-06-01,1010,2,22090035.58
2027-07-01,1010,2,22325402.54
2027-08-01,1010,2,22560953.79
2027-09-01,1010,2,22796687.56
2027-10-01,1010,2,23032602.12
2027-11-01,1010,2,23263526.87
2027-12-01,1010,2,23494624.85
2025-01-01,1020,2,500
2025-02-01,1020,2,500
2025-03-01,1020,2,500
2025-04-01,1020,2,500
2025-05-01,1020,2,500
2025-06-01,1020,2,500
2025-07-01,1020,2,500
2025-08-01,1020,2,500
2025-09-01,1020,2,500
2025-10-01,1020,2,500
2025-11-01,1020,2,500
2025-12-01,1020,2,500
2026-01-01,1020,2,500
2026-02-01,1020,2,500
2026-03-01,1020,2,500
2026-04-01,1020,2,500
2026-05-01,1020,2,500
2026-06-01,1020,2,500
2026-07-01,1020,2,500
2026-08-01,1020,2,500
2026-09-01,1020,2,500
2026-10-01,1020,2,500
2026-11-01,1020,2,500
2026-12-01,1020,2,500
2027-01-01,1020,2,500
2027-02-01,1020,2,500
2027-03-01,1020,2,500
2027-04-01,1020,2,500
2027-05-01,1020,2,500
2027-06-01,1020,2,500
2027-07-01,1020,2,500
2027-08-01,1020,2,500
2027-09-01,1020,2,500
2027-10-01,1020,2,500
2027-11-01,1020,2,500
2027-12-01,1020,2,500
2025-01-01,1030,2,500
2025-02-01,1030,2,500
2025-03-01,1030,2,500
2025-04-01,1030,2,500
2025-05-01,1030,2,500
2025-06-01,1030,2,500
2025-07-01,1030,2,500
2025-08-01,1030,2,500
2025-09-01,1030,2,500
2025-10-01,1030,2,500
2025-11-01,1030,2,500
2025-12-01,1030,2,500
2026-01-01,1030,2,500
2026-02-01,1030,2,500
2026-03-01,1030,2,500
2026-04-01,1030,2,500
2026-05-01,1030,2,500
2026-06-01,1030,2,500
2026-07-01,1030,2,500
2026-08-01,1030,2,500
2026-09-01,1030,2,500
2026-10-01,1030,2,500
2026-11-01,1030,2,500
2026-12-01,1030,2,500
2027-01-01,1030,2,500
2027-02-01,1030,2,500
2027-03-01,1030,2,500
2027-04-01,1030,2,500
2027-05-01,1030,2,500
2027-06-01,1030,2,500
2027-07-01,1030,2,500
2027-08-01,1030,2,500
2027-09-01,1030,2,500
2027-10-01,1030,2,500
2027-11-01,1030,2,500
2027-12-01,1030,2,500
2025-01-01,2010,2,600040
2025-02-01,2010,2,607800
2025-03-01,2010,2,617972
2025-04-01,2010,2,628155
2025-05-01,2010,2,638350
2025-06-01,2010,2,648556
2025-07-01,2010,2,658773
2025-08-01,2010,2,668800
2025-09-01,2010,2,678837
2025-10-01,2010,2,688884
2025-11-01,2010,2,698942
2025-12-01,2010,2,709010
2026-01-01,2010,2,718885
2026-02-01,2010,2,728770
2026-03-01,2010,2,738665
2026-04-01,2010,2,748569
2026-05-01,2010,2,758482
2026-06-01,2010,2,768201
2026-07-01,2010,2,777928
2026-08-01,2010,2,787665
2026-09-01,2010,2,797410
2026-10-01,2010,2,807163
2026-11-01,2010,2,816926
2026-12-01,2010,2,826491
2027-01-01,2010,2,836065
2027-02-01,2010,2,845647
2027-03-01,2010,2,855237
2027-04-01,2010,2,864834
2027-05-01,2010,2,874234
2027-06-01,2010,2,883641
2027-07-01,2010,2,893056
2027-08-01,2010,2,902478
2027-09-01,2010,2,911908
2027-10-01,2010,2,921344
2027-11-01,2010,2,930581
2027-12-01,2010,2,939825
2025-01-01,2020,2,500
2025-02-01,2020,2,500
2025-03-01,2020,2,500
2025-04-01,2020,2,500
2025-05-01,2020,2,500
2025-06-01,2020,2,500
2025-07-01,2020,2,500
2025-08-01,2020,2,500
2025-09-01,2020,2,500
2025-10-01,2020,2,500
2025-11-01,2020,2,500
2025-12-01,2020,2,500
2026-01-01,2020,2,500
2026-02-01,2020,2,500
2026-03-01,2020,2,500
2026-04-01,2020,2,500
2026-05-01,2020,2,500
2026-06-01,2020,2,500
2026-07-01,2020,2,500
2026-08-01,2020,2,500
2026-09-01,2020,2,500
2026-10-01,2020,2,500
2026-11-01,2020,2,500
2026-12-01,2020,2,500
2027-01-01,2020,2,500
2027-02-01,2020,2,500
2027-03-01,2020,2,500
2027-04-01,2020,2,500
2027-05-01,2020,2,500
2027-06-01,2020,2,500
2027-07-01,2020,2,500
2027-08-01,2020,2,500
2027-09-01,2020,2,500
2027-10-01,2020,2,500
2027-11-01,2020,2,500
2027-12-01,2020,2,500
2025-01-01,4011,2,108000
2025-02-01,4011,2,108000
2025-03-01,4011,2,108000
2025-04-01,4011,2,108000
2025-05-01,4011,2,108000
2025-06-01,4011,2,108000
2025-07-01,4011,2,108000
2025-08-01,4011,2,108000
2025-09-01,4011,2,108000
2025-10-01,4011,2,108000
2025-11-01,4011,2,108000
2025-12-01,4011,2,108000
2026-01-01,4011,2,113400
2026-02-01,4011,2,113400
2026-03-01,4011,2,113400
2026-04-01,4011,2,113400
2026-05-01,4011,2,113400
2026-06-01,4011,2,113400
2026-07-01,4011,2,113400
2026-08-01,4011,2,113400
2026-09-01,4011,2,113400
2026-10-01,4011,2,113400
2026-11-01,4011,2,113400
2026-12-01,4011,2,113400
2027-01-01,4011,2,119070
2027-02-01,4011,2,119070
2027-03-01,4011,2,119070
2027-04-01,4011,2,119070
2027-05-01,4011,2,119070
2027-06-01,4011,2,119070
2027-07-01,4011,2,119070
2027-08-01,4011,2,119070
2027-09-01,4011,2,119070
2027-10-01,4011,2,119070
2027-11-01,4011,2,119070
2027-12-01,4011,2,119070
2025-01-01,4012,2,10451
2025-02-01,4012,2,10451
2025-03-01,4012,2,10451
2025-04-01,4012,2,10451
2025-05-01,4012,2,10451
2025-06-01,4012,2,10451
2025-07-01,4012,2,10451
2025-08-01,4012,2,10451
2025-09-01,4012,2,10451
2025-10-01,4012,2,10451
2025-11-01,4012,2,10451
2025-12-01,4012,2,10451
2026-01-01,4012,2,10974
2026-02-01,4012,2,10974
2026-03-01,4012,2,10974
2026-04-01,4012,2,10974
2026-05-01,4012,2,10974
2026-06-01,4012,2,10974
2026-07-01,4012,2,10974
2026-08-01,4012,2,10974
2026-09-01,4012,2,10974
2026-10-01,4012,2,10974
2026-11-01,4012,2,10974
2026-12-01,4012,2,10974
2027-01-01,4012,2,11522
2027-02-01,4012,2,11522
2027-03-01,4012,2,11522
2027-04-01,4012,2,11522
2027-05-01,4012,2,11522
2027-06-01,4012,2,11522
2027-07-01,4012,2,11522
2027-08-01,4012,2,11522
2027-09-01,4012,2,11522
2027-10-01,4012,2,11522
2027-11-01,4012,2,11522
2027-12-01,4012,2,11522
2025-01-01,4021,2,80417
2025-02-01,4021,2,80417
2025-03-01,4021,2,80417
2025-04-01,4021,2,80417
2025-05-01,4021,2,80417
2025-06-01,4021,2,80417
2025-07-01,4021,2,80417
2025-08-01,4021,2,80417
2025-09-01,4021,2,80417
2025-10-01,4021,2,80417
2025-11-01,4021,2,80417
2025-12-01,4021,2,80417
2026-01-01,4021,2,84438
2026-02-01,4021,2,84438
2026-03-01,4021,2,84438
2026-04-01,4021,2,84438
2026-05-01,4021,2,84438
2026-06-01,4021,2,84438
2026-07-01,4021,2,84438
2026-08-01,4021,2,84438
2026-09-01,4021,2,84438
2026-10-01,4021,2,84438
2026-11-01,4021,2,84438
2026-12-01,4021,2,84438
2027-01-01,4021,2,88659
2027-02-01,4021,2,88659
2027-03-01,4021,2,88659
2027-04-01,4021,2,88659
2027-05-01,4021,2,88659
2027-06-01,4021,2,88659
2027-07-01,4021,2,88659
2027-08-01,4021,2,88659
2027-09-01,4021,2,88659
2027-10-01,4021,2,88659
2027-11-01,4021,2,88659
2027-12-01,4021,2,88659
2025-01-01,4022,2,12759
2025-02-01,4022,2,12759
2025-03-01,4022,2,12759
2025-04-01,4022,2,12759
2025-05-01,4022,2,12759
2025-06-01,4022,2,12759
2025-07-01,4022,2,12759
2025-08-01,4022,2,12759
2025-09-01,4022,2,12759
2025-10-01,4022,2,12759
2025-11-01,4022,2,12759
2025-12-01,4022,2,12759
2026-01-01,4022,2,13397
2026-02-01,4022,2,13397
2026-03-01,4022,2,13397
2026-04-01,4022,2,13397
2026-05-01,4022,2,13397
2026-06-01,4022,2,13397
2026-07-01,4022,2,13397
2026-08-01,4022,2,13397
2026-09-01,4022,2,13397
2026-10-01,4022,2,13397
2026-11-01,4022,2,13397
2026-12-01,4022,2,13397
2027-01-01,4022,2,14067
2027-02-01,4022,2,14067
2027-03-01,4022,2,14067
2027-04-01,4022,2,14067
2027-05-01,4022,2,14067
2027-06-01,4022,2,14067
2027-07-01,4022,2,14067
2027-08-01,4022,2,14067
2027-09-01,4022,2,14067
2027-10-01,4022,2,14067
2027-11-01,4022,2,14067
2027-12-01,4022,2,14067
2025-01-01,4031,2,8417
2025-02-01,4031,2,8417
2025-03-01,4031,2,8417
2025-04-01,4031,2,8417
2025-05-01,4031,2,8417
2025-06-01,4031,2,8417
2025-07-01,4031,2,8417
2025-08-01,4031,2,8417
2025-09-01,4031,2,8417
2025-10-01,4031,2,8417
2025-11-01,4031,2,8417
2025-12-01,4031,2,8417
2026-01-01,4031,2,8838
2026-02-01,4031,2,8838
2026-03-01,4031,2,8838
2026-04-01,4031,2,8838
2026-05-01,4031,2,8838
2026-06-01,4031,2,8838
2026-07-01,4031,2,8838
2026-08-01,4031,2,8838
2026-09-01,4031,2,8838
2026-10-01,4031,2,8838
2026-11-01,4031,2,8838
2026-12-01,4031,2,8838
2027-01-01,4031,2,9279
2027-02-01,4031,2,9279
2027-03-01,4031,2,9279
2027-04-01,4031,2,9279
2027-05-01,4031,2,9279
2027-06-01,4031,2,9279
2027-07-01,4031,2,9279
2027-08-01,4031,2,9279
2027-09-01,4031,2,9279
2027-10-01,4031,2,9279
2027-11-01,4031,2,9279
2027-12-01,4031,2,9279
2025-01-01,4032,2,7300
2025-02-01,4032,2,7300
2025-03-01,4032,2,7300
2025-04-01,4032,2,7300
2025-05-01,4032,2,7300
2025-06-01,4032,2,7300
2025-07-01,4032,2,7300
2025-08-01,4032,2,7300
2025-09-01,4032,2,7300
2025-10-01,4032,2,7300
2025-11-01,4032,2,7300
2025-12-01,4032,2,7300
2026-01-01,4032,2,7665
2026-02-01,4032,2,7665
2026-03-01,4032,2,7665
2026-04-01,4032,2,7665
2026-05-01,4032,2,7665
2026-06-01,4032,2,7665
2026-07-01,4032,2,7665
2026-08-01,4032,2,7665
2026-09-01,4032,2,7665
2026-10-01,4032,2,7665
2026-11-01,4032,2,7665
2026-12-01,4032,2,7665
2027-01-01,4032,2,8048
2027-02-01,4032,2,8048
2027-03-01,4032,2,8048
2027-04-01,4032,2,8048
2027-05-01,4032,2,8048
2027-06-01,4032,2,8048
2027-07-01,4032,2,8048
2027-08-01,4032,2,8048
2027-09-01,4032,2,8048
2027-10-01,4032,2,8048
2027-11-01,4032,2,8048
2027-12-01,4032,2,8048
2025-01-01,6011,2,158750
2025-02-01,6011,2,158750
2025-03-01,6011,2,158750
2025-04-01,6011,2,158750
2025-05-01,6011,2,158750
2025-06-01,6011,2,158750
2025-07-01,6011,2,158750
2025-08-01,6011,2,158750
2025-09-01,6011,2,158750
2025-10-01,6011,2,158750
2025-11-01,6011,2,158750
2025-12-01,6011,2,158750
2026-01-01,6011,2,166688
2026-02-01,6011,2,166688
2026-03-01,6011,2,166688
2026-04-01,6011,2,166688
2026-05-01,6011,2,166688
2026-06-01,6011,2,166688
2026-07-01,6011,2,166688
2026-08-01,6011,2,166688
2026-09-01,6011,2,166688
2026-10-01,6011,2,166688
2026-11-01,6011,2,166688
2026-12-01,6011,2,166688
2027-01-01,6011,2,175022
2027-02-01,6011,2,175022
2027-03-01,6011,2,175022
2027-04-01,6011,2,175022
2027-05-01,6011,2,175022
2027-06-01,6011,2,175022
2027-07-01,6011,2,175022
2027-08-01,6011,2,175022
2027-09-01,6011,2,175022
2027-10-01,6011,2,175022
2027-11-01,6011,2,175022
2027-12-01,6011,2,175022
2025-01-01,6012,2,19679
2025-02-01,6012,2,19679
2025-03-01,6012,2,19679
2025-04-01,6012,2,19679
2025-05-01,6012,2,19679
2025-06-01,6012,2,19679
2025-07-01,6012,2,19679
2025-08-01,6012,2,19679
2025-09-01,6012,2,19679
2025-10-01,6012,2,19679
2025-11-01,6012,2,19679
2025-12-01,6012,2,19679
2026-01-01,6012,2,20663
2026-02-01,6012,2,20663
2026-03-01,6012,2,20663
2026-04-01,6012,2,20663
2026-05-01,6012,2,20663
2026-06-01,6012,2,20663
2026-07-01,6012,2,20663
2026-08-01,6012,2,20663
2026-09-01,6012,2,20663
2026-10-01,6012,2,20663
2026-11-01,6012,2,20663
2026-12-01,6012,2,20663
2027-01-01,6012,2,21696
2027-02-01,6012,2,21696
2027-03-01,6012,2,21696
2027-04-01,6012,2,21696
2027-05-01,6012,2,21696
2027-06-01,6012,2,21696
2027-07-01,6012,2,21696
2027-08-01,6012,2,21696
2027-09-01,6012,2,21696
2027-10-01,6012,2,21696
2027-11-01,6012,2,21696
2027-12-01,6012,2,21696
2025-01-01,6051,2,9000
2025-02-01,6051,2,9000
2025-03-01,6051,2,9000
2025-04-01,6051,2,9000
2025-05-01,6051,2,9000
2025-06-01,6051,2,9000
2025-07-01,6051,2,9000
2025-08-01,6051,2,9000
2025-09-01,6051,2,9000
2025-10-01,6051,2,9000
2025-11-01,6051,2,9000
2025-12-01,6051,2,9000
2026-01-01,6051,2,9450
2026-02-01,6051,2,9450
2026-03-01,6051,2,9450
2026-04-01,6051,2,9450
2026-05-01,6051,2,9450
2026-06-01,6051,2,9450
2026-07-01,6051,2,9450
2026-08-01,6051,2,9450
2026-09-01,6051,2,9450
2026-10-01,6051,2,9450
2026-11-01,6051,2,9450
2026-12-01,6051,2,9450
2027-01-01,6051,2,9923
2027-02-01,6051,2,9923
2027-03-01,6051,2,9923
2027-04-01,6051,2,9923
2027-05-01,6051,2,9923
2027-06-01,6051,2,9923
2027-07-01,6051,2,9923
2027-08-01,6051,2,9923
2027-09-01,6051,2,9923
2027-10-01,6051,2,9923
2027-11-01,6051,2,9923
2027-12-01,6051,2,9923
2025-01-01,6052,2,0
2025-02-01,6052,2,0
2025-03-01,6052,2,0
2025-04-01,6052,2,0
2025-05-01,6052,2,0
2025-06-01,6052,2,0
2025-07-01,6052,2,0
2025-08-01,6052,2,0
2025-09-01,6052,2,0
2025-10-01,6052,2,0
2025-11-01,6052,2,0
2025-12-01,6052,2,0
2026-01-01,6052,2,0
2026-02-01,6052,2,0
2026-03-01,6052,2,0
2026-04-01,6052,2,0
2026-05-01,6052,2,0
2026-06-01,6052,2,0
2026-07-01,6052,2,0
2026-08-01,6052,2,0
2026-09-01,6052,2,0
2026-10-01,6052,2,0
2026-11-01,6052,2,0
2026-12-01,6052,2,0
2027-01-01,6052,2,0
2027-02-01,6052,2,0
2027-03-01,6052,2,0
2027-04-01,6052,2,0
2027-05-01,6052,2,0
2027-06-01,6052,2,0
2027-07-01,6052,2,0
2027-08-01,6052,2,0
2027-09-01,6052,2,0
2027-10-01,6052,2,0
2027-11-01,6052,2,0
2027-12-01,6052,2,0
2025-01-01,6021,2,37000
2025-02-01,6021,2,37000
2025-03-01,6021,2,37000
2025-04-01,6021,2,37000
2025-05-01,6021,2,37000
2025-06-01,6021,2,37000
2025-07-01,6021,2,37000
2025-08-01,6021,2,37000
2025-09-01,6021,2,37000
2025-10-01,6021,2,37000
2025-11-01,6021,2,37000
2025-12-01,6021,2,37000
2026-01-01,6021,2,38850
2026-02-01,6021,2,38850
2026-03-01,6021,2,38850
2026-04-01,6021,2,38850
2026-05-01,6021,2,38850
2026-06-01,6021,2,38850
2026-07-01,6021,2,38850
2026-08-01,6021,2,38850
2026-09-01,6021,2,38850
2026-10-01,6021,2,38850
2026-11-01,6021,2,38850
2026-12-01,6021,2,38850
2027-01-01,6021,2,40793
2027-02-01,6021,2,40793
2027-03-01,6021,2,40793
2027-04-01,6021,2,40793
2027-05-01,6021,2,40793
2027-06-01,6021,2,40793
2027-07-01,6021,2,40793
2027-08-01,6021,2,40793
2027-09-01,6021,2,40793
2027-10-01,6021,2,40793
2027-11-01,6021,2,40793
2027-12-01,6021,2,40793
2025-01-01,6022,2,3544
2025-02-01,6022,2,3544
2025-03-01,6022,2,3544
2025-04-01,6022,2,3544
2025-05-01,6022,2,3544
2025-06-01,6022,2,3544
2025-07-01,6022,2,3544
2025-08-01,6022,2,3544
2025-09-01,6022,2,3544
2025-10-01,6022,2,3544
2025-11-01,6022,2,3544
2025-12-01,6022,2,3544
2026-01-01,6022,2,3721
2026-02-01,6022,2,3721
2026-03-01,6022,2,3721
2026-04-01,6022,2,3721
2026-05-01,6022,2,3721
2026-06-01,6022,2,3721
2026-07-01,6022,2,3721
2026-08-01,6022,2,3721
2026-09-01,6022,2,3721
2026-10-01,6022,2,3721
2026-11-01,6022,2,3721
2026-12-01,6022,2,3721
2027-01-01,6022,2,3907
2027-02-01,6022,2,3907
2027-03-01,6022,2,3907
2027-04-01,6022,2,3907
2027-05-01,6022,2,3907
2027-06-01,6022,2,3907
2027-07-01,6022,2,3907
2027-08-01,6022,2,3907
2027-09-01,6022,2,3907
2027-10-01,6022,2,3907
2027-11-01,6022,2,3907
2027-12-01,6022,2,3907
2025-01-01,6031,2,4700
2025-02-01,6031,2,4700
2025-03-01,6031,2,4700
2025-04-01,6031,2,4700
2025-05-01,6031,2,4700
2025-06-01,6031,2,4700
2025-07-01,6031,2,4700
2025-08-01,6031,2,4700
2025-09-01,6031,2,4700
2025-10-01,6031,2,4700
2025-11-01,6031,2,4700
2025-12-01,6031,2,4700
2026-01-01,6031,2,4935
2026-02-01,6031,2,4935
2026-03-01,6031,2,4935
2026-04-01,6031,2,4935
2026-05-01,6031,2,4935
2026-06-01,6031,2,4935
2026-07-01,6031,2,4935
2026-08-01,6031,2,4935
2026-09-01,6031,2,4935
2026-10-01,6031,2,4935
2026-11-01,6031,2,4935
2026-12-01,6031,2,4935
2027-01-01,6031,2,5182
2027-02-01,6031,2,5182
2027-03-01,6031,2,5182
2027-04-01,6031,2,5182
2027-05-01,6031,2,5182
2027-06-01,6031,2,5182
2027-07-01,6031,2,5182
2027-08-01,6031,2,5182
2027-09-01,6031,2,5182
2027-10-01,6031,2,5182
2027-11-01,6031,2,5182
2027-12-01,6031,2,5182
2025-01-01,6032,2,0
2025-02-01,6032,2,0
2025-03-01,6032,2,0
2025-04-01,6032,2,0
2025-05-01,6032,2,0
2025-06-01,6032,2,0
2025-07-01,6032,2,0
2025-08-01,6032,2,0
2025-09-01,6032,2,0
2025-10-01,6032,2,0
2025-11-01,6032,2,0
2025-12-01,6032,2,0
2026-01-01,6032,2,0
2026-02-01,6032,2,0
2026-03-01,6032,2,0
2026-04-01,6032,2,0
2026-05-01,6032,2,0
2026-06-01,6032,2,0
2026-07-01,6032,2,0
2026-08-01,6032,2,0
2026-09-01,6032,2,0
2026-10-01,6032,2,0
2026-11-01,6032,2,0
2026-12-01,6032,2,0
2027-01-01,6032,2,0
2027-02-01,6032,2,0
2027-03-01,6032,2,0
2027-04-01,6032,2,0
2027-05-01,6032,2,0
2027-06-01,6032,2,0
2027-07-01,6032,2,0
2027-08-01,6032,2,0
2027-09-01,6032,2,0
2027-10-01,6032,2,0
2027-11-01,6032,2,0
2027-12-01,6032,2,0
2025-01-01,6041,2,55833
2025-02-01,6041,2,55833
2025-03-01,6041,2,55833
2025-04-01,6041,2,55833
2025-05-01,6041,2,55833
2025-06-01,6041,2,55833
2025-07-01,6041,2,55833
2025-08-01,6041,2,55833
2025-09-01,6041,2,55833
2025-10-01,6041,2,55833
2025-11-01,6041,2,55833
2025-12-01,6041,2,55833
2026-01-01,6041,2,58625
2026-02-01,6041,2,58625
2026-03-01,6041,2,58625
2026-04-01,6041,2,58625
2026-05-01,6041,2,58625
2026-06-01,6041,2,58625
2026-07-01,6041,2,58625
2026-08-01,6041,2,58625
2026-09-01,6041,2,58625
2026-10-01,6041,2,58625
2026-11-01,6041,2,58625
2026-12-01,6041,2,58625
2027-01-01,6041,2,61556
2027-02-01,6041,2,61556
2027-03-01,6041,2,61556
2027-04-01,6041,2,61556
2027-05-01,6041,2,61556
2027-06-01,6041,2,61556
2027-07-01,6041,2,61556
2027-08-01,6041,2,61556
2027-09-01,6041,2,61556
2027-10-01,6041,2,61556
2027-11-01,6041,2,61556
2027-12-01,6041,2,61556
2025-01-01,6042,2,10939
2025-02-01,6042,2,10939
2025-03-01,6042,2,10939
2025-04-01,6042,2,10939
2025-05-01,6042,2,10939
2025-06-01,6042,2,10939
2025-07-01,6042,2,10939
2025-08-01,6042,2,10939
2025-09-01,6042,2,10939
2025-10-01,6042,2,10939
2025-11-01,6042,2,10939
2025-12-01,6042,2,10939
2026-01-01,6042,2,11486
2026-02-01,6042,2,11486
2026-03-01,6042,2,11486
2026-04-01,6042,2,11486
2026-05-01,6042,2,11486
2026-06-01,6042,2,11486
2026-07-01,6042,2,11486
2026-08-01,6042,2,11486
2026-09-01,6042,2,11486
2026-10-01,6042,2,11486
2026-11-01,6042,2,11486
2026-12-01,6042,2,11486
2027-01-01,6042,2,12060
2027-02-01,6042,2,12060
2027-03-01,6042,2,12060
2027-04-01,6042,2,12060
2027-05-01,6042,2,12060
2027-06-01,6042,2,12060
2027-07-01,6042,2,12060
2027-08-01,6042,2,12060
2027-09-01,6042,2,12060
2027-10-01,6042,2,12060
2027-11-01,6042,2,12060
2027-12-01,6042,2,12060
2025-01-01,1010,1,13743232.56
2025-02-01,1010,1,14271457.69
2025-03-01,1010,1,14744583.7
2025-04-01,1010,1,14191396.43
2025-05-01,1010,1,15552931.2
2025-06-01,1010,1,17528573.26
2025-07-01,1010,1,15419381.14
2025-08-01,1010,1,15190394.66
2025-09-01,1010,1,16041208.21
2025-10-01,1010,1,18050662.34
2025-11-01,1010,1,18231708.92
2025-12-01,1010,1,18488222.48
2026-01-01,1010,1,17181768.37
2026-02-01,1010,1,16875481.72
2026-03-01,1010,1,16934715.82
2026-04-01,1010,1,20402016.01
2026-05-01,1010,1,20643261.67
2026-06-01,1010,1,20517209.03
2026-07-01,1010,1,18033131.26
2026-08-01,1010,1,18095821.68
2026-09-01,1010,1,21350856.63
2026-10-01,1010,1,19855618.62
2026-11-01,1010,1,20163349.5
2026-12-01,1010,1,22450498.96
2027-01-01,1010,1,19202841.7
2027-02-01,1010,1,20801256.56
2027-03-01,1010,1,21802967.13
2027-04-01,1010,1,23338752.19
2027-05-01,1010,1,22530635.88
2027-06-01,1010,1,21605083.18
2027-07-01,1010,1,21595197.64
2027-08-01,1010,1,23060831.41
2027-09-01,1010,1,23032644.88
2027-10-01,1010,1,21568581.12
2027-11-01,1010,1,23502796.27
2027-12-01,1010,1,21639604.31
2025-01-01,1020,1,450.6700686
2025-02-01,1020,1,470.8796077
2025-03-01,1020,1,489.5414422
2025-04-01,1020,1,478.85349
2025-05-01,1020,1,507.9025575
2025-06-01,1020,1,541.4465642
2025-07-01,1020,1,514.5335732
2025-08-01,1020,1,497.8491002
2025-09-01,1020,1,526.7729959
2025-10-01,1020,1,535.7084343
2025-11-01,1020,1,542.7439934
2025-12-01,1020,1,462.3545283
2026-01-01,1020,1,506.5125861
2026-02-01,1020,1,498.829125
2026-03-01,1020,1,479.1675313
2026-04-01,1020,1,464.6180109
2026-05-01,1020,1,518.0882465
2026-06-01,1020,1,542.8704829
2026-07-01,1020,1,488.9575134
2026-08-01,1020,1,519.8607901
2026-09-01,1020,1,517.0402402
2026-10-01,1020,1,527.8196645
2026-11-01,1020,1,454.1107099
2026-12-01,1020,1,500.418839
2027-01-01,1020,1,549.953932
2027-02-01,1020,1,477.5691402
2027-03-01,1020,1,478.9393023
2027-04-01,1020,1,487.2972687
2027-05-01,1020,1,465.6771243
2027-06-01,1020,1,542.8641131
2027-07-01,1020,1,463.6932923
2027-08-01,1020,1,542.6072263
2027-09-01,1020,1,478.4295727
2027-10-01,1020,1,456.9235344
2027-11-01,1020,1,453.2943695
2027-12-01,1020,1,454.1090776
2025-01-01,1030,1,494.1114603
2025-02-01,1030,1,516.2572715
2025-03-01,1030,1,533.8649968
2025-04-01,1030,1,453.9645028
2025-05-01,1030,1,503.4027212
2025-06-01,1030,1,459.1434526
2025-07-01,1030,1,493.5840732
2025-08-01,1030,1,467.8040913
2025-09-01,1030,1,465.6553363
2025-10-01,1030,1,507.2963524
2025-11-01,1030,1,486.3731748
2025-12-01,1030,1,507.34591
2026-01-01,1030,1,456.1157637
2026-02-01,1030,1,482.4466565
2026-03-01,1030,1,537.0151046
2026-04-01,1030,1,480.0544104
2026-05-01,1030,1,525.6749652
2026-06-01,1030,1,508.8722608
2026-07-01,1030,1,504.529053
2026-08-01,1030,1,452.7079807
2026-09-01,1030,1,527.1285116
2026-10-01,1030,1,465.3592814
2026-11-01,1030,1,476.9743912
2026-12-01,1030,1,472.2473122
2027-01-01,1030,1,494.8395141
2027-02-01,1030,1,455.6392418
2027-03-01,1030,1,505.3277326
2027-04-01,1030,1,516.905698
2027-05-01,1030,1,525.7322028
2027-06-01,1030,1,525.0399006
2027-07-01,1030,1,496.6755885
2027-08-01,1030,1,523.3762636
2027-09-01,1030,1,498.7041871
2027-10-01,1030,1,462.9035295
2027-11-01,1030,1,477.6875718
2027-12-01,1030,1,511.6500359
2025-01-01,2010,1,584235.6095
2025-02-01,2010,1,602047.662
2025-03-01,2010,1,628085.4427
2025-04-01,2010,1,638409.8424
2025-05-01,2010,1,590018.1491
2025-06-01,2010,1,636066.9025
2025-07-01,2010,1,621321.1985
2025-08-01,2010,1,601942.1413
2025-09-01,2010,1,633088.0866
2025-10-01,2010,1,648566.1018
2025-11-01,2010,1,690662.2204
2025-12-01,2010,1,763318.6648
2026-01-01,2010,1,750728.5936
2026-02-01,2010,1,801499.4065
2026-03-01,2010,1,809248.0418
2026-04-01,2010,1,743921.3075
2026-05-01,2010,1,744630.6401
2026-06-01,2010,1,751750.906
2026-07-01,2010,1,737523.8392
2026-08-01,2010,1,763568.0361
2026-09-01,2010,1,857226.7079
2026-10-01,2010,1,809388.0145
2026-11-01,2010,1,854666.0366
2026-12-01,2010,1,832730.8374
2027-01-01,2010,1,758243.1362
2027-02-01,2010,1,860465.016
2027-03-01,2010,1,929742.7118
2027-04-01,2010,1,940383.5103
2027-05-01,2010,1,872278.419
2027-06-01,2010,1,894090.3626
2027-07-01,2010,1,840773.7973
2027-08-01,2010,1,908334.7164
2027-09-01,2010,1,857424.2062
2027-10-01,2010,1,847629.041
2027-11-01,2010,1,850929.1038
2027-12-01,2010,1,1005351.141
2025-01-01,2020,1,467.7951311
2025-02-01,2020,1,530.4062774
2025-03-01,2020,1,460.5640866
2025-04-01,2020,1,463.6173601
2025-05-01,2020,1,539.4921246
2025-06-01,2020,1,482.8005515
2025-07-01,2020,1,453.4318456
2025-08-01,2020,1,543.8560002
2025-09-01,2020,1,498.0490978
2025-10-01,2020,1,522.7212396
2025-11-01,2020,1,549.2448653
2025-12-01,2020,1,529.0493595
2026-01-01,2020,1,470.7599431
2026-02-01,2020,1,476.3552312
2026-03-01,2020,1,543.5003888
2026-04-01,2020,1,547.448344
2026-05-01,2020,1,518.0833545
2026-06-01,2020,1,501.5365321
2026-07-01,2020,1,454.6642972
2026-08-01,2020,1,495.5601615
2026-09-01,2020,1,471.3029701
2026-10-01,2020,1,520.7926587
2026-11-01,2020,1,511.5547437
2026-12-01,2020,1,484.2745999
2027-01-01,2020,1,477.7956537
2027-02-01,2020,1,530.0510693
2027-03-01,2020,1,474.727036
2027-04-01,2020,1,498.3349686
2027-05-01,2020,1,509.8435616
2027-06-01,2020,1,451.5633619
2027-07-01,2020,1,498.2348926
2027-08-01,2020,1,458.8540258
2027-09-01,2020,1,488.3358418
2027-10-01,2020,1,467.6714194
2027-11-01,2020,1,535.11588
2027-12-01,2020,1,510.7041191
2025-01-01,4011,1,107188.0408
2025-02-01,4011,1,106537.895
2025-03-01,4011,1,100450.0223
2025-04-01,4011,1,106242.767
2025-05-01,4011,1,109812.3675
2025-06-01,4011,1,112066.1495
2025-07-01,4011,1,102780.2286
2025-08-01,4011,1,103720.8241
2025-09-01,4011,1,117482.8284
2025-10-01,4011,1,104617.0422
2025-11-01,4011,1,99741.33618
2025-12-01,4011,1,98184.22052
2026-01-01,4011,1,103301.5563
2026-02-01,4011,1,118624.961
2026-03-01,4011,1,115960.7422
2026-04-01,4011,1,102514.7964
2026-05-01,4011,1,114722.4874
2026-06-01,4011,1,124736.2362
2026-07-01,4011,1,123411.6182
2026-08-01,4011,1,102103.7026
2026-09-01,4011,1,123774.1369
2026-10-01,4011,1,103289.6567
2026-11-01,4011,1,118772.555
2026-12-01,4011,1,103287.8903
2027-01-01,4011,1,119149.6055
2027-02-01,4011,1,119963.0332
2027-03-01,4011,1,122445.2308
2027-04-01,4011,1,126311.3223
2027-05-01,4011,1,116887.8352
2027-06-01,4011,1,126620.3367
2027-07-01,4011,1,112995.0173
2027-08-01,4011,1,107951.5185
2027-09-01,4011,1,111305.1751
2027-10-01,4011,1,115647.296
2027-11-01,4011,1,114353.3112
2027-12-01,4011,1,109395.9476
2025-01-01,4012,1,10561.73566
2025-02-01,4012,1,11223.42993
2025-03-01,4012,1,11364.77342
2025-04-01,4012,1,10042.29575
2025-05-01,4012,1,10905.16962
2025-06-01,4012,1,9773.041888
2025-07-01,4012,1,9595.663444
2025-08-01,4012,1,9691.855398
2025-09-01,4012,1,10514.27672
2025-10-01,4012,1,10913.39194
2025-11-01,4012,1,11116.88365
2025-12-01,4012,1,10882.89047
2026-01-01,4012,1,10832.54606
2026-02-01,4012,1,10607.48148
2026-03-01,4012,1,10267.22502
2026-04-01,4012,1,11649.2648
2026-05-01,4012,1,10674.35645
2026-06-01,4012,1,11798.41432
2026-07-01,4012,1,10625.86375
2026-08-01,4012,1,10942.01401
2026-09-01,4012,1,10382.87446
2026-10-01,4012,1,10186.12758
2026-11-01,4012,1,10460.37511
2026-12-01,4012,1,11937.1449
2027-01-01,4012,1,10511.68366
2027-02-01,4012,1,11468.11862
2027-03-01,4012,1,12027.48396
2027-04-01,4012,1,11196.19184
2027-05-01,4012,1,11513.84539
2027-06-01,4012,1,11223.98549
2027-07-01,4012,1,12007.81427
2027-08-01,4012,1,10747.52166
2027-09-01,4012,1,11445.98174
2027-10-01,4012,1,11423.25932
2027-11-01,4012,1,11316.5782
2027-12-01,4012,1,12633.33992
2025-01-01,4021,1,74276.68022
2025-02-01,4021,1,75207.8648
2025-03-01,4021,1,79683.8819
2025-04-01,4021,1,82561.92209
2025-05-01,4021,1,82584.12242
2025-06-01,4021,1,82538.84928
2025-07-01,4021,1,74282.8098
2025-08-01,4021,1,77570.78668
2025-09-01,4021,1,80255.45511
2025-10-01,4021,1,72825.85356
2025-11-01,4021,1,76254.41312
2025-12-01,4021,1,76101.8684
2026-01-01,4021,1,89127.48589
2026-02-01,4021,1,83178.46166
2026-03-01,4021,1,91256.35594
2026-04-01,4021,1,87648.22328
2026-05-01,4021,1,87974.65751
2026-06-01,4021,1,83958.03442
2026-07-01,4021,1,90205.51857
2026-08-01,4021,1,78953.04105
2026-09-01,4021,1,77072.70737
2026-10-01,4021,1,78975.96941
2026-11-01,4021,1,80418.10425
2026-12-01,4021,1,83268.86047
2027-01-01,4021,1,86196.14831
2027-02-01,4021,1,93549.63267
2027-03-01,4021,1,84311.94753
2027-04-01,4021,1,81901.61757
2027-05-01,4021,1,93983.34044
2027-06-01,4021,1,83546.06166
2027-07-01,4021,1,84387.22528
2027-08-01,4021,1,89433.32717
2027-09-01,4021,1,89497.77286
2027-10-01,4021,1,93806.65826
2027-11-01,4021,1,81829.4142
2027-12-01,4021,1,82485.90654
2025-01-01,4022,1,13495.76117
2025-02-01,4022,1,11806.30345
2025-03-01,4022,1,11672.32082
2025-04-01,4022,1,13303.23957
2025-05-01,4022,1,11680.84456
2025-06-01,4022,1,12953.07889
2025-07-01,4022,1,13446.94603
2025-08-01,4022,1,12272.9669
2025-09-01,4022,1,13751.05021
2025-10-01,4022,1,13959.85782
2025-11-01,4022,1,12879.58888
2025-12-01,4022,1,12809.78543
2026-01-01,4022,1,14672.65138
2026-02-01,4022,1,13736.31526
2026-03-01,4022,1,14091.54171
2026-04-01,4022,1,13349.51603
2026-05-01,4022,1,12252.48914
2026-06-01,4022,1,12783.84939
2026-07-01,4022,1,13611.6768
2026-08-01,4022,1,14278.21138
2026-09-01,4022,1,13983.35802
2026-10-01,4022,1,14056.70871
2026-11-01,4022,1,13835.53519
2026-12-01,4022,1,14331.48371
2027-01-01,4022,1,14092.03135
2027-02-01,4022,1,12925.26319
2027-03-01,4022,1,14030.01034
2027-04-01,4022,1,14384.82134
2027-05-01,4022,1,15073.72713
2027-06-01,4022,1,15194.3933
2027-07-01,4022,1,14189.1415
2027-08-01,4022,1,13260.32437
2027-09-01,4022,1,13941.66014
2027-10-01,4022,1,14286.86938
2027-11-01,4022,1,14468.28578
2027-12-01,4022,1,14662.72595
2025-01-01,4031,1,9167.033961
2025-02-01,4031,1,8599.960705
2025-03-01,4031,1,8325.344401
2025-04-01,4031,1,9049.552808
2025-05-01,4031,1,7582.881256
2025-06-01,4031,1,8644.954826
2025-07-01,4031,1,7622.412752
2025-08-01,4031,1,8050.171803
2025-09-01,4031,1,9120.377368
2025-10-01,4031,1,8733.546493
2025-11-01,4031,1,8750.517196
2025-12-01,4031,1,9113.279677
2026-01-01,4031,1,9646.235534
2026-02-01,4031,1,9299.783213
2026-03-01,4031,1,8866.72993
2026-04-01,4031,1,9621.856963
2026-05-01,4031,1,8566.029597
2026-06-01,4031,1,8706.118332
2026-07-01,4031,1,9660.247644
2026-08-01,4031,1,7961.294164
2026-09-01,4031,1,8604.364191
2026-10-01,4031,1,8205.862148
2026-11-01,4031,1,7957.671614
2026-12-01,4031,1,9495.534064
2027-01-01,4031,1,8757.686286
2027-02-01,4031,1,9249.46112
2027-03-01,4031,1,8880.668619
2027-04-01,4031,1,8658.682774
2027-05-01,4031,1,9353.682268
2027-06-01,4031,1,9290.545737
2027-07-01,4031,1,9683.076634
2027-08-01,4031,1,8995.666776
2027-09-01,4031,1,8654.698471
2027-10-01,4031,1,8569.223031
2027-11-01,4031,1,9402.497034
2027-12-01,4031,1,8442.851312
2025-01-01,4032,1,7320.000746
2025-02-01,4032,1,7157.492673
2025-03-01,4032,1,7062.573761
2025-04-01,4032,1,7308.731609
2025-05-01,4032,1,6957.75908
2025-06-01,4032,1,7306.119095
2025-07-01,4032,1,6948.58928
2025-08-01,4032,1,7526.521248
2025-09-01,4032,1,7039.150166
2025-10-01,4032,1,7822.283021
2025-11-01,4032,1,7610.732723
2025-12-01,4032,1,7015.717602
2026-01-01,4032,1,8279.174768
2026-02-01,4032,1,7313.223832
2026-03-01,4032,1,7177.141503
2026-04-01,4032,1,7827.612752
2026-05-01,4032,1,7753.431293
2026-06-01,4032,1,7812.733562
2026-07-01,4032,1,7423.734617
2026-08-01,4032,1,8357.465371
2026-09-01,4032,1,7257.989462
2026-10-01,4032,1,7693.425889
2026-11-01,4032,1,8000.015575
2026-12-01,4032,1,7446.466425
2027-01-01,4032,1,7307.451935
2027-02-01,4032,1,7671.717346
2027-03-01,4032,1,8723.186658
2027-04-01,4032,1,7722.045596
2027-05-01,4032,1,7732.290447
2027-06-01,4032,1,8730.548553
2027-07-01,4032,1,8637.844397
2027-08-01,4032,1,8803.62145
2027-09-01,4032,1,8205.834528
2027-10-01,4032,1,7827.91718
2027-11-01,4032,1,8136.154447
2027-12-01,4032,1,8787.727652
2025-01-01,6011,1,169459.4165
2025-02-01,6011,1,165808.0735
2025-03-01,6011,1,169850.7982
2025-04-01,6011,1,153131.2068
2025-05-01,6011,1,151743.4868
2025-06-01,6011,1,168117.2779
2025-07-01,6011,1,159620.4449
2025-08-01,6011,1,148099.6148
2025-09-01,6011,1,150076.3145
2025-10-01,6011,1,163425.3942
2025-11-01,6011,1,151657.5682
2025-12-01,6011,1,171691.5125
2026-01-01,6011,1,166745.9478
2026-02-01,6011,1,159178.8508
2026-03-01,6011,1,171852.8176
2026-04-01,6011,1,169148.3316
2026-05-01,6011,1,160347.3473
2026-06-01,6011,1,154717.1996
2026-07-01,6011,1,152094.2405
2026-08-01,6011,1,168670.1949
2026-09-01,6011,1,181429.8669
2026-10-01,6011,1,182941.4977
2026-11-01,6011,1,171162.5927
2026-12-01,6011,1,169769.1667
2027-01-01,6011,1,188042.8591
2027-02-01,6011,1,171493.489
2027-03-01,6011,1,178062.1978
2027-04-01,6011,1,184816.5604
2027-05-01,6011,1,164314.608
2027-06-01,6011,1,165220.232
2027-07-01,6011,1,190771.1722
2027-08-01,6011,1,189589.1238
2027-09-01,6011,1,158607.0367
2027-10-01,6011,1,159991.4055
2027-11-01,6011,1,186066.86
2027-12-01,6011,1,175422.9886
2025-01-01,6012,1,19599.47639
2025-02-01,6012,1,21232.08207
2025-03-01,6012,1,18489.21806
2025-04-01,6012,1,18970.35441
2025-05-01,6012,1,21299.12232
2025-06-01,6012,1,20365.13009
2025-07-01,6012,1,19088.71419
2025-08-01,6012,1,19690.22714
2025-09-01,6012,1,21461.01276
2025-10-01,6012,1,18500.48835
2025-11-01,6012,1,21333.77871
2025-12-01,6012,1,21419.81654
2026-01-01,6012,1,19717.52485
2026-02-01,6012,1,18819.58011
2026-03-01,6012,1,21225.03989
2026-04-01,6012,1,21235.69286
2026-05-01,6012,1,20146.98312
2026-06-01,6012,1,21745.93478
2026-07-01,6012,1,19856.10454
2026-08-01,6012,1,20948.49978
2026-09-01,6012,1,22678.34445
2026-10-01,6012,1,20387.02356
2026-11-01,6012,1,21895.75238
2026-12-01,6012,1,22171.69763
2027-01-01,6012,1,20416.52254
2027-02-01,6012,1,19681.14459
2027-03-01,6012,1,20982.52524
2027-04-01,6012,1,22437.51292
2027-05-01,6012,1,21992.11818
2027-06-01,6012,1,23390.90819
2027-07-01,6012,1,23114.05158
2027-08-01,6012,1,22088.8925
2027-09-01,6012,1,21175.80836
2027-10-01,6012,1,23337.82782
2027-11-01,6012,1,20639.64702
2027-12-01,6012,1,20384.47649
2025-01-01,6051,1,8262.430729
2025-02-01,6051,1,8673.103346
2025-03-01,6051,1,8254.146302
2025-04-01,6051,1,9338.390279
2025-05-01,6051,1,8694.027634
2025-06-01,6051,1,8959.062321
2025-07-01,6051,1,8880.7072
2025-08-01,6051,1,8793.318156
2025-09-01,6051,1,8520.453246
2025-10-01,6051,1,8430.124551
2025-11-01,6051,1,8763.019486
2025-12-01,6051,1,8964.367211
2026-01-01,6051,1,8517.305208
2026-02-01,6051,1,8661.093248
2026-03-01,6051,1,10338.81539
2026-04-01,6051,1,8647.406474
2026-05-01,6051,1,9101.095486
2026-06-01,6051,1,9743.584034
2026-07-01,6051,1,10341.37804
2026-08-01,6051,1,9139.366396
2026-09-01,6051,1,10325.1652
2026-10-01,6051,1,8950.24252
2026-11-01,6051,1,9771.269226
2026-12-01,6051,1,9086.054114
2027-01-01,6051,1,9896.626271
2027-02-01,6051,1,10755.0651
2027-03-01,6051,1,9943.658701
2027-04-01,6051,1,10427.44813
2027-05-01,6051,1,10460.53312
2027-06-01,6051,1,9788.493365
2027-07-01,6051,1,9321.761446
2027-08-01,6051,1,9289.792684
2027-09-01,6051,1,9926.123799
2027-10-01,6051,1,10396.67505
2027-11-01,6051,1,9817.397489
2027-12-01,6051,1,9072.609206
2025-01-01,6052,1,0
2025-02-01,6052,1,0
2025-03-01,6052,1,0
2025-04-01,6052,1,0
2025-05-01,6052,1,0
2025-06-01,6052,1,0
2025-07-01,6052,1,0
2025-08-01,6052,1,0
2025-09-01,6052,1,0
2025-10-01,6052,1,0
2025-11-01,6052,1,0
2025-12-01,6052,1,0
2026-01-01,6052,1,0
2026-02-01,6052,1,0
2026-03-01,6052,1,0
2026-04-01,6052,1,0
2026-05-01,6052,1,0
2026-06-01,6052,1,0
2026-07-01,6052,1,0
2026-08-01,6052,1,0
2026-09-01,6052,1,0
2026-10-01,6052,1,0
2026-11-01,6052,1,0
2026-12-01,6052,1,0
2027-01-01,6052,1,0
2027-02-01,6052,1,0
2027-03-01,6052,1,0
2027-04-01,6052,1,0
2027-05-01,6052,1,0
2027-06-01,6052,1,0
2027-07-01,6052,1,0
2027-08-01,6052,1,0
2027-09-01,6052,1,0
2027-10-01,6052,1,0
2027-11-01,6052,1,0
2027-12-01,6052,1,0
2025-01-01,6021,1,33468.65924
2025-02-01,6021,1,37769.51753
2025-03-01,6021,1,39743.28191
2025-04-01,6021,1,36057.18967
2025-05-01,6021,1,36118.64443
2025-06-01,6021,1,38619.99365
2025-07-01,6021,1,36375.39319
2025-08-01,6021,1,37719.67431
2025-09-01,6021,1,35686.33556
2025-10-01,6021,1,40285.84121
2025-11-01,6021,1,35271.02449
2025-12-01,6021,1,34526.74552
2026-01-01,6021,1,40497.35478
2026-02-01,6021,1,35399.15067
2026-03-01,6021,1,35826.40513
2026-04-01,6021,1,41590.01971
2026-05-01,6021,1,42037.86472
2026-06-01,6021,1,42511.35418
2026-07-01,6021,1,40722.57815
2026-08-01,6021,1,37036.15248
2026-09-01,6021,1,40778.90403
2026-10-01,6021,1,42303.20427
2026-11-01,6021,1,36802.75785
2026-12-01,6021,1,38877.31758
2027-01-01,6021,1,37377.5645
2027-02-01,6021,1,39375.28457
2027-03-01,6021,1,38550.02072
2027-04-01,6021,1,43575.74958
2027-05-01,6021,1,39024.78787
2027-06-01,6021,1,37112.64588
2027-07-01,6021,1,37765.36229
2027-08-01,6021,1,43014.75951
2027-09-01,6021,1,43534.33654
2027-10-01,6021,1,38976.82561
2027-11-01,6021,1,41788.12258
2027-12-01,6021,1,37470.44384
2025-01-01,6022,1,3368.852746
2025-02-01,6022,1,3523.845632
2025-03-01,6022,1,3626.480324
2025-04-01,6022,1,3331.389465
2025-05-01,6022,1,3849.099909
2025-06-01,6022,1,3502.558015
2025-07-01,6022,1,3878.821922
2025-08-01,6022,1,3362.292514
2025-09-01,6022,1,3308.260344
2025-10-01,6022,1,3789.514152
2025-11-01,6022,1,3745.473213
2025-12-01,6022,1,3381.299106
2026-01-01,6022,1,3729.876411
2026-02-01,6022,1,4082.611541
2026-03-01,6022,1,3744.659501
2026-04-01,6022,1,3388.008173
2026-05-01,6022,1,3945.550631
2026-06-01,6022,1,3844.284775
2026-07-01,6022,1,3801.404084
2026-08-01,6022,1,3984.652107
2026-09-01,6022,1,3905.443292
2026-10-01,6022,1,3629.848722
2026-11-01,6022,1,3894.99649
2026-12-01,6022,1,4092.138096
2027-01-01,6022,1,4046.588032
2027-02-01,6022,1,3540.649824
2027-03-01,6022,1,3948.014186
2027-04-01,6022,1,4084.437636
2027-05-01,6022,1,3601.676523
2027-06-01,6022,1,4294.793494
2027-07-01,6022,1,3720.914399
2027-08-01,6022,1,3914.747313
2027-09-01,6022,1,3617.988005
2027-10-01,6022,1,3728.000896
2027-11-01,6022,1,3894.625408
2027-12-01,6022,1,4035.87135
2025-01-01,6031,1,4435.853028
2025-02-01,6031,1,4397.710687
2025-03-01,6031,1,4889.989012
2025-04-01,6031,1,5042.274747
2025-05-01,6031,1,5143.885975
2025-06-01,6031,1,4336.524422
2025-07-01,6031,1,4695.568267
2025-08-01,6031,1,5049.309059
2025-09-01,6031,1,4628.83136
2025-10-01,6031,1,4706.102688
2025-11-01,6031,1,4700.107778
2025-12-01,6031,1,4834.701633
2026-01-01,6031,1,4518.582014
2026-02-01,6031,1,4796.52474
2026-03-01,6031,1,4921.54026
2026-04-01,6031,1,5173.236817
2026-05-01,6031,1,4939.335858
2026-06-01,6031,1,4848.652836
2026-07-01,6031,1,4632.801579
2026-08-01,6031,1,5298.733515
2026-09-01,6031,1,4821.578283
2026-10-01,6031,1,4685.29899
2026-11-01,6031,1,5038.984153
2026-12-01,6031,1,4649.86326
2027-01-01,6031,1,4843.165909
2027-02-01,6031,1,5089.213701
2027-03-01,6031,1,4814.904988
2027-04-01,6031,1,4866.09174
2027-05-01,6031,1,4788.480778
2027-06-01,6031,1,5639.95077
2027-07-01,6031,1,5587.21398
2027-08-01,6031,1,4877.075466
2027-09-01,6031,1,4960.471697
2027-10-01,6031,1,5207.638813
2027-11-01,6031,1,4919.890785
2027-12-01,6031,1,5490.043345
2025-01-01,6032,1,0
2025-02-01,6032,1,0
2025-03-01,6032,1,0
2025-04-01,6032,1,0
2025-05-01,6032,1,0
2025-06-01,6032,1,0
2025-07-01,6032,1,0
2025-08-01,6032,1,0
2025-09-01,6032,1,0
2025-10-01,6032,1,0
2025-11-01,6032,1,0
2025-12-01,6032,1,0
2026-01-01,6032,1,0
2026-02-01,6032,1,0
2026-03-01,6032,1,0
2026-04-01,6032,1,0
2026-05-01,6032,1,0
2026-06-01,6032,1,0
2026-07-01,6032,1,0
2026-08-01,6032,1,0
2026-09-01,6032,1,0
2026-10-01,6032,1,0
2026-11-01,6032,1,0
2026-12-01,6032,1,0
2027-01-01,6032,1,0
2027-02-01,6032,1,0
2027-03-01,6032,1,0
2027-04-01,6032,1,0
2027-05-01,6032,1,0
2027-06-01,6032,1,0
2027-07-01,6032,1,0
2027-08-01,6032,1,0
2027-09-01,6032,1,0
2027-10-01,6032,1,0
2027-11-01,6032,1,0
2027-12-01,6032,1,0
2025-01-01,6041,1,58929.54262
2025-02-01,6041,1,52430.54846
2025-03-01,6041,1,57592.59694
2025-04-01,6041,1,58310.41526
2025-05-01,6041,1,53824.32215
2025-06-01,6041,1,51281.85846
2025-07-01,6041,1,50726.12832
2025-08-01,6041,1,58266.24251
2025-09-01,6041,1,59715.68216
2025-10-01,6041,1,51557.90692
2025-11-01,6041,1,60289.84289
2025-12-01,6041,1,53263.76793
2026-01-01,6041,1,61304.09415
2026-02-01,6041,1,58831.132
2026-03-01,6041,1,53442.48523
2026-04-01,6041,1,59363.47694
2026-05-01,6041,1,56873.79987
2026-06-01,6041,1,57612.49848
2026-07-01,6041,1,63140.39984
2026-08-01,6041,1,56934.9466
2026-09-01,6041,1,63909.21324
2026-10-01,6041,1,62091.15284
2026-11-01,6041,1,59012.81911
2026-12-01,6041,1,55724.55677
2027-01-01,6041,1,64310.5425
2027-02-01,6041,1,55799.05763
2027-03-01,6041,1,63528.59521
2027-04-01,6041,1,59789.6817
2027-05-01,6041,1,61368.6482
2027-06-01,6041,1,63044.39727
2027-07-01,6041,1,67706.3377
2027-08-01,6041,1,58272.16164
2027-09-01,6041,1,56297.13139
2027-10-01,6041,1,59190.10938
2027-11-01,6041,1,62779.04664
2027-12-01,6041,1,63416.27291
2025-01-01,6042,1,11802.55698
2025-02-01,6042,1,11255.73009
2025-03-01,6042,1,11543.75478
2025-04-01,6042,1,10143.43881
2025-05-01,6042,1,10916.3221
2025-06-01,6042,1,10940.47649
2025-07-01,6042,1,11649.80007
2025-08-01,6042,1,12001.0431
2025-09-01,6042,1,11514.66946
2025-10-01,6042,1,9950.053406
2025-11-01,6042,1,10510.75421
2025-12-01,6042,1,9863.234059
2026-01-01,6042,1,11684.03554
2026-02-01,6042,1,10942.83398
2026-03-01,6042,1,11015.61082
2026-04-01,6042,1,12504.53555
2026-05-01,6042,1,12140.76509
2026-06-01,6042,1,10432.15309
2026-07-01,6042,1,11154.90257
2026-08-01,6042,1,10751.64367
2026-09-01,6042,1,10696.98622
2026-10-01,6042,1,11714.45937
2026-11-01,6042,1,10421.54068
2026-12-01,6042,1,10691.19447
2027-01-01,6042,1,10943.83902
2027-02-01,6042,1,13231.48102
2027-03-01,6042,1,12591.48799
2027-04-01,6042,1,12139.21044
2027-05-01,6042,1,11155.92227
2027-06-01,6042,1,11165.88313
2027-07-01,6042,1,11436.44501
2027-08-01,6042,1,11128.18605
2027-09-01,6042,1,12563.86692
2027-10-01,6042,1,11032.88089
2027-11-01,6042,1,11357.16016
2027-12-01,6042,1,11233.72056